date_game,pts,last1sum_pts,last1sum_fg,last1sum_fga,last1sum_fg_pct,last1sum_fg3,last1sum_fg3a,last1sum_fg3_pct,last1sum_ft,last1sum_fta,last1sum_ft_pct,last1sum_trb,last1sum_ast,last1sum_stl,last1sum_blk,last1sum_tov,last1sum_opp_pts,last1sum_opp_fg,last1sum_opp_fga,last1sum_opp_fg_pct,last1sum_opp_fg3,last1sum_opp_fg3a,last1sum_opp_fg3_pct,last1sum_opp_ft,last1sum_opp_fta,last1sum_opp_ft_pct,last1sum_opp_trb,last1sum_opp_ast,last1sum_opp_stl,last1sum_opp_blk,last1sum_opp_tov,last3sum_pts,last3sum_fg,last3sum_fga,last3sum_fg_pct,last3sum_fg3,last3sum_fg3a,last3sum_fg3_pct,last3sum_ft,last3sum_fta,last3sum_ft_pct,last3sum_trb,last3sum_ast,last3sum_stl,last3sum_blk,last3sum_tov,last3sum_opp_pts,last3sum_opp_fg,last3sum_opp_fga,last3sum_opp_fg_pct,last3sum_opp_fg3,last3sum_opp_fg3a,last3sum_opp_fg3_pct,last3sum_opp_ft,last3sum_opp_fta,last3sum_opp_ft_pct,last3sum_opp_trb,last3sum_opp_ast,last3sum_opp_stl,last3sum_opp_blk,last3sum_opp_tov,last6sum_pts,last6sum_fg,last6sum_fga,last6sum_fg_pct,last6sum_fg3,last6sum_fg3a,last6sum_fg3_pct,last6sum_ft,last6sum_fta,last6sum_ft_pct,last6sum_trb,last6sum_ast,last6sum_stl,last6sum_blk,last6sum_tov,last6sum_opp_pts,last6sum_opp_fg,last6sum_opp_fga,last6sum_opp_fg_pct,last6sum_opp_fg3,last6sum_opp_fg3a,last6sum_opp_fg3_pct,last6sum_opp_ft,last6sum_opp_fta,last6sum_opp_ft_pct,last6sum_opp_trb,last6sum_opp_ast,last6sum_opp_stl,last6sum_opp_blk,last6sum_opp_tov,last8sum_pts,last8sum_fg,last8sum_fga,last8sum_fg_pct,last8sum_fg3,last8sum_fg3a,last8sum_fg3_pct,last8sum_ft,last8sum_fta,last8sum_ft_pct,last8sum_trb,last8sum_ast,last8sum_stl,last8sum_blk,last8sum_tov,last8sum_opp_pts,last8sum_opp_fg,last8sum_opp_fga,last8sum_opp_fg_pct,last8sum_opp_fg3,last8sum_opp_fg3a,last8sum_opp_fg3_pct,last8sum_opp_ft,last8sum_opp_fta,last8sum_opp_ft_pct,last8sum_opp_trb,last8sum_opp_ast,last8sum_opp_stl,last8sum_opp_blk,last8sum_opp_tov
2022-04-10,125,101.0,38.0,95.0,0.4,15.0,48.0,0.31299999999999994,10.0,13.0,0.7689999999999999,43.0,27.0,6.0,4.0,16.0,128.0,48.0,92.0,0.522,12.0,34.0,0.353,20.0,27.0,0.7410000000000001,56.0,29.0,9.0,10.0,11.0,309.0,115.0,273.0,1.258,43.0,127.0,1.043,36.0,55.0,2.029,126.0,76.0,20.0,14.0,34.0,361.0,135.0,271.0,1.494,43.0,114.0,1.138,48.0,65.0,2.2359999999999998,159.0,83.0,24.0,21.0,31.0,609.0,231.0,535.0,2.5879999999999996,75.0,233.0,1.9509999999999998,72.0,101.0,4.34,258.0,152.0,40.0,24.0,82.0,697.0,255.0,532.0,2.87,82.0,233.0,2.1260000000000003,105.0,134.0,4.725,292.0,165.0,53.0,36.0,65.0,821.0,312.0,734.0,3.3999999999999995,105.0,320.0,2.6449999999999996,92.0,124.0,6.153,360.0,203.0,52.0,30.0,104.0,929.0,335.0,709.0,3.7800000000000002,110.0,310.0,2.8470000000000004,149.0,188.0,6.35,395.0,210.0,63.0,46.0,90.0
2022-04-07,101,120.0,47.0,93.0,0.505,16.0,35.0,0.457,10.0,15.0,0.6669999999999999,43.0,31.0,9.0,8.0,7.0,115.0,42.0,86.0,0.488,16.0,36.0,0.44399999999999995,15.0,22.0,0.682,47.0,25.0,6.0,4.0,11.0,297.0,111.0,257.0,1.2879999999999998,39.0,114.0,1.044,36.0,53.0,2.1689999999999996,128.0,73.0,20.0,14.0,38.0,335.0,123.0,265.0,1.391,44.0,122.0,1.095,45.0,58.0,2.3449999999999998,144.0,75.0,28.0,14.0,30.0,618.0,238.0,546.0,2.6129999999999995,73.0,221.0,1.9989999999999999,69.0,95.0,4.571,272.0,152.0,43.0,23.0,78.0,683.0,249.0,538.0,2.777,81.0,235.0,2.0790000000000006,104.0,131.0,4.776,295.0,160.0,48.0,30.0,68.0,814.0,308.0,718.0,3.4299999999999997,100.0,308.0,2.6099999999999994,98.0,131.0,6.183999999999999,356.0,201.0,55.0,32.0,101.0,891.0,321.0,702.0,3.6580000000000004,109.0,308.0,2.838,140.0,177.0,6.297,387.0,202.0,60.0,39.0,97.0
2022-04-05,120,88.0,30.0,85.0,0.353,12.0,44.0,0.27299999999999996,16.0,27.0,0.5929999999999997,40.0,18.0,5.0,2.0,11.0,118.0,45.0,93.0,0.484,15.0,44.0,0.3409999999999999,13.0,16.0,0.8130000000000001,56.0,29.0,9.0,7.0,9.0,287.0,104.0,260.0,1.1999999999999997,34.0,113.0,0.911,45.0,60.0,2.3659999999999997,127.0,63.0,19.0,11.0,42.0,347.0,128.0,271.0,1.4140000000000001,41.0,122.0,1.012,50.0,62.0,2.432,148.0,85.0,27.0,18.0,30.0,600.0,227.0,546.0,2.4949999999999997,74.0,237.0,1.8749999999999998,72.0,96.0,4.717,274.0,145.0,37.0,18.0,81.0,686.0,245.0,531.0,2.77,82.0,240.0,2.0500000000000007,114.0,139.0,4.927,292.0,156.0,48.0,32.0,68.0,784.0,293.0,708.0,3.311,91.0,304.0,2.3789999999999996,107.0,140.0,6.308999999999999,373.0,192.0,57.0,28.0,115.0,861.0,309.0,708.0,3.4960000000000004,106.0,320.0,2.665,137.0,173.0,6.281999999999999,387.0,196.0,67.0,42.0,102.0
2022-04-03,88,89.0,34.0,79.0,0.42999999999999994,11.0,35.0,0.31399999999999995,10.0,11.0,0.9089999999999998,45.0,24.0,6.0,4.0,20.0,102.0,36.0,86.0,0.41900000000000004,13.0,42.0,0.3099999999999999,17.0,20.0,0.8500000000000001,41.0,21.0,13.0,3.0,10.0,300.0,116.0,262.0,1.3299999999999998,32.0,106.0,0.908,36.0,46.0,2.311,132.0,76.0,20.0,10.0,48.0,336.0,120.0,261.0,1.3760000000000001,39.0,119.0,0.988,57.0,69.0,2.489,133.0,82.0,29.0,15.0,34.0,606.0,231.0,540.0,2.572,72.0,229.0,1.8799999999999994,72.0,89.0,4.9239999999999995,273.0,152.0,41.0,22.0,83.0,658.0,234.0,523.0,2.686,78.0,228.0,2.0530000000000004,112.0,139.0,4.802,284.0,148.0,45.0,28.0,77.0,816.0,310.0,720.0,3.4429999999999996,90.0,290.0,2.4729999999999994,106.0,134.0,6.43,378.0,198.0,55.0,30.0,117.0,877.0,311.0,709.0,3.5120000000000005,111.0,319.0,2.7889999999999997,144.0,188.0,6.114,376.0,201.0,69.0,38.0,100.0
2022-04-01,89,110.0,40.0,96.0,0.417,11.0,34.0,0.3239999999999999,19.0,22.0,0.8639999999999997,42.0,21.0,8.0,5.0,11.0,127.0,47.0,92.0,0.5110000000000001,13.0,36.0,0.3609999999999998,20.0,26.0,0.7690000000000002,51.0,35.0,5.0,8.0,11.0,321.0,127.0,289.0,1.325,34.0,107.0,0.9550000000000001,33.0,42.0,2.402,144.0,79.0,23.0,9.0,40.0,348.0,126.0,273.0,1.3860000000000001,37.0,113.0,0.984,59.0,73.0,2.4309999999999996,151.0,85.0,20.0,16.0,38.0,607.0,229.0,544.0,2.528,68.0,225.0,1.7919999999999994,81.0,102.0,4.8069999999999995,288.0,150.0,46.0,22.0,84.0,641.0,228.0,529.0,2.593,78.0,234.0,2.0140000000000002,107.0,137.0,4.619,290.0,146.0,45.0,32.0,83.0,835.0,312.0,736.0,3.3919999999999995,94.0,296.0,2.5249999999999995,117.0,150.0,6.299,370.0,199.0,51.0,30.0,109.0,925.0,328.0,711.0,3.6950000000000007,114.0,304.0,3.0719999999999996,155.0,202.0,6.088,383.0,215.0,65.0,39.0,102.0
2022-03-30,110,101.0,42.0,87.0,0.48299999999999993,10.0,37.0,0.26999999999999985,7.0,13.0,0.5379999999999997,45.0,31.0,6.0,1.0,17.0,107.0,37.0,83.0,0.44600000000000006,13.0,41.0,0.31699999999999984,20.0,23.0,0.8700000000000002,41.0,26.0,11.0,4.0,13.0,313.0,123.0,286.0,1.295,40.0,124.0,0.964,27.0,36.0,2.351,147.0,82.0,18.0,7.0,39.0,339.0,117.0,260.0,1.3559999999999999,41.0,118.0,1.038,64.0,77.0,2.494999999999999,144.0,71.0,21.0,14.0,38.0,617.0,236.0,545.0,2.596,68.0,221.0,1.8349999999999993,77.0,101.0,4.656999999999999,291.0,153.0,41.0,21.0,86.0,648.0,228.0,531.0,2.582,85.0,241.0,2.1180000000000003,107.0,142.0,4.494999999999999,284.0,145.0,51.0,27.0,79.0,839.0,313.0,731.0,3.4259999999999997,101.0,305.0,2.6199999999999997,112.0,148.0,6.135000000000001,378.0,206.0,50.0,32.0,109.0,914.0,316.0,711.0,3.564000000000001,115.0,305.0,3.0889999999999995,167.0,213.0,6.184,377.0,201.0,67.0,34.0,99.0
2022-03-28,101,110.0,45.0,106.0,0.42499999999999993,13.0,36.0,0.36099999999999977,7.0,7.0,0.9999999999999998,57.0,27.0,9.0,3.0,12.0,114.0,42.0,98.0,0.429,11.0,36.0,0.30599999999999977,19.0,24.0,0.7920000000000004,59.0,24.0,4.0,4.0,14.0,306.0,115.0,278.0,1.242,40.0,123.0,0.972,36.0,43.0,2.6129999999999995,141.0,76.0,21.0,12.0,35.0,322.0,114.0,262.0,1.3099999999999998,39.0,109.0,1.0650000000000002,55.0,70.0,2.312999999999999,151.0,66.0,16.0,13.0,43.0,624.0,230.0,553.0,2.492,73.0,225.0,1.9309999999999992,91.0,115.0,4.8969999999999985,283.0,147.0,37.0,24.0,81.0,691.0,244.0,536.0,2.7379999999999995,88.0,227.0,2.394,115.0,153.0,4.448999999999999,291.0,154.0,49.0,27.0,78.0,856.0,311.0,730.0,3.4079999999999995,107.0,308.0,2.7499999999999996,127.0,160.0,6.477,382.0,206.0,48.0,34.0,104.0,917.0,320.0,718.0,3.574000000000001,117.0,309.0,3.1049999999999995,160.0,203.0,6.314,373.0,199.0,64.0,35.0,95.0
2022-03-26,110,102.0,36.0,93.0,0.38699999999999996,17.0,51.0,0.33299999999999974,13.0,16.0,0.8129999999999997,45.0,24.0,3.0,3.0,10.0,118.0,38.0,79.0,0.4809999999999999,17.0,41.0,0.41499999999999976,25.0,30.0,0.8330000000000004,44.0,21.0,6.0,6.0,11.0,286.0,102.0,255.0,1.203,34.0,118.0,0.837,48.0,60.0,2.4049999999999994,144.0,71.0,23.0,13.0,44.0,293.0,102.0,256.0,1.2069999999999999,41.0,121.0,1.0300000000000002,48.0,64.0,2.187999999999999,139.0,61.0,25.0,16.0,45.0,628.0,226.0,538.0,2.5180000000000002,78.0,232.0,1.9889999999999992,98.0,128.0,4.596999999999999,276.0,148.0,35.0,28.0,80.0,693.0,237.0,530.0,2.6889999999999996,91.0,228.0,2.466,128.0,166.0,4.521999999999999,277.0,151.0,52.0,26.0,72.0,854.0,302.0,700.0,3.457,108.0,309.0,2.7669999999999995,142.0,179.0,6.323,370.0,204.0,43.0,32.0,110.0,905.0,319.0,713.0,3.5860000000000016,113.0,304.0,3.0249999999999995,154.0,197.0,6.244,355.0,198.0,71.0,33.0,92.0
2022-03-23,102,94.0,34.0,79.0,0.42999999999999994,10.0,36.0,0.27799999999999975,16.0,20.0,0.7999999999999998,39.0,25.0,9.0,6.0,13.0,90.0,34.0,85.0,0.4,11.0,32.0,0.3439999999999997,11.0,16.0,0.6880000000000004,48.0,21.0,6.0,3.0,18.0,304.0,113.0,259.0,1.3010000000000002,28.0,97.0,0.871,50.0,65.0,2.305999999999999,144.0,71.0,23.0,14.0,47.0,309.0,111.0,271.0,1.226,44.0,123.0,1.0800000000000003,43.0,65.0,1.999999999999999,140.0,74.0,30.0,13.0,41.0,644.0,230.0,531.0,2.596,77.0,221.0,2.055999999999999,107.0,137.0,4.663999999999999,280.0,155.0,36.0,28.0,82.0,685.0,240.0,541.0,2.6639999999999997,89.0,232.0,2.3840000000000003,116.0,149.0,4.688999999999999,270.0,154.0,54.0,25.0,70.0,851.0,301.0,699.0,3.4499999999999997,98.0,297.0,2.612999999999999,151.0,188.0,6.390000000000001,378.0,197.0,46.0,31.0,111.0,889.0,316.0,726.0,3.4850000000000017,109.0,300.0,2.9609999999999994,148.0,190.0,6.236999999999999,363.0,201.0,72.0,33.0,91.0
2022-03-22,94,90.0,32.0,83.0,0.38599999999999995,7.0,31.0,0.22599999999999976,19.0,24.0,0.7919999999999998,60.0,22.0,11.0,4.0,21.0,85.0,30.0,92.0,0.32599999999999996,13.0,48.0,0.2709999999999998,12.0,18.0,0.6670000000000005,47.0,19.0,13.0,7.0,16.0,318.0,115.0,275.0,1.2500000000000002,33.0,102.0,0.9590000000000001,55.0,72.0,2.283999999999999,142.0,71.0,16.0,12.0,46.0,369.0,130.0,274.0,1.428,49.0,118.0,1.3290000000000002,60.0,83.0,2.1359999999999992,140.0,88.0,33.0,14.0,35.0,658.0,232.0,528.0,2.64,81.0,222.0,2.1559999999999993,113.0,143.0,4.709999999999999,286.0,155.0,31.0,23.0,87.0,697.0,247.0,549.0,2.7049999999999996,85.0,231.0,2.2660000000000005,118.0,151.0,4.723,263.0,156.0,59.0,24.0,63.0,853.0,304.0,706.0,3.4499999999999997,99.0,296.0,2.648999999999999,146.0,184.0,6.2780000000000005,380.0,197.0,44.0,30.0,110.0,923.0,328.0,733.0,3.5850000000000017,112.0,302.0,3.0289999999999995,155.0,201.0,6.215999999999999,370.0,205.0,73.0,34.0,80.0
2022-03-20,90,120.0,47.0,97.0,0.485,11.0,30.0,0.36699999999999977,15.0,21.0,0.7139999999999997,45.0,24.0,3.0,4.0,13.0,134.0,47.0,94.0,0.49999999999999994,20.0,43.0,0.46499999999999975,20.0,31.0,0.6450000000000005,45.0,34.0,11.0,3.0,7.0,342.0,124.0,283.0,1.3150000000000004,44.0,114.0,1.1520000000000001,50.0,68.0,2.1919999999999993,132.0,77.0,12.0,15.0,36.0,400.0,135.0,274.0,1.4819999999999998,50.0,107.0,1.4360000000000004,80.0,102.0,2.3339999999999996,138.0,90.0,27.0,10.0,27.0,667.0,235.0,537.0,2.634,81.0,230.0,2.108999999999999,116.0,144.0,4.797999999999999,279.0,150.0,26.0,21.0,77.0,714.0,252.0,549.0,2.7589999999999995,85.0,220.0,2.3460000000000005,125.0,156.0,4.882,268.0,161.0,53.0,23.0,57.0,866.0,308.0,718.0,3.4429999999999996,103.0,302.0,2.7199999999999993,147.0,181.0,6.438000000000001,375.0,199.0,38.0,30.0,97.0,935.0,335.0,734.0,3.657000000000002,111.0,291.0,3.0819999999999994,154.0,200.0,6.196,377.0,208.0,62.0,35.0,76.0
2022-03-17,120,108.0,36.0,95.0,0.379,15.0,41.0,0.36599999999999977,21.0,27.0,0.7779999999999998,37.0,25.0,2.0,4.0,12.0,150.0,53.0,88.0,0.6019999999999999,16.0,27.0,0.5929999999999997,28.0,34.0,0.8240000000000003,48.0,35.0,9.0,4.0,12.0,340.0,117.0,272.0,1.2950000000000004,49.0,124.0,1.185,57.0,72.0,2.357999999999999,136.0,84.0,13.0,14.0,35.0,376.0,129.0,270.0,1.4379999999999997,45.0,109.0,1.3040000000000003,73.0,84.0,2.6889999999999996,130.0,80.0,24.0,12.0,29.0,643.0,225.0,526.0,2.579,81.0,235.0,2.055999999999999,112.0,139.0,4.7719999999999985,275.0,151.0,30.0,22.0,76.0,704.0,251.0,547.0,2.7589999999999995,79.0,211.0,2.2930000000000006,123.0,152.0,4.904,278.0,152.0,49.0,24.0,57.0,860.0,305.0,718.0,3.412,102.0,304.0,2.6659999999999995,148.0,180.0,6.524000000000001,382.0,197.0,47.0,31.0,102.0,923.0,329.0,734.0,3.5930000000000017,103.0,285.0,2.9409999999999994,162.0,204.0,6.350999999999999,386.0,197.0,63.0,39.0,87.0
2022-03-15,108,114.0,41.0,91.0,0.45100000000000007,18.0,43.0,0.4189999999999997,14.0,20.0,0.6999999999999997,50.0,28.0,7.0,7.0,11.0,116.0,35.0,92.0,0.3799999999999999,14.0,37.0,0.3779999999999998,32.0,37.0,0.8650000000000003,45.0,21.0,7.0,3.0,8.0,340.0,117.0,253.0,1.3900000000000003,48.0,120.0,1.197,58.0,71.0,2.4259999999999993,144.0,84.0,15.0,11.0,41.0,328.0,117.0,275.0,1.2769999999999997,36.0,113.0,0.9370000000000003,58.0,68.0,2.5869999999999997,123.0,68.0,26.0,10.0,28.0,638.0,225.0,526.0,2.579,77.0,231.0,1.9869999999999992,111.0,133.0,4.945999999999998,293.0,150.0,33.0,22.0,72.0,651.0,235.0,552.0,2.5549999999999997,75.0,221.0,2.0240000000000005,106.0,135.0,4.727,284.0,139.0,42.0,28.0,57.0,871.0,314.0,719.0,3.502,99.0,300.0,2.623999999999999,144.0,175.0,6.519,384.0,201.0,55.0,29.0,100.0,876.0,311.0,718.0,3.4770000000000016,102.0,294.0,2.7649999999999992,152.0,195.0,6.246999999999999,377.0,184.0,58.0,41.0,96.0
2022-03-13,114,118.0,40.0,86.0,0.46500000000000014,16.0,40.0,0.39999999999999974,22.0,25.0,0.8799999999999997,49.0,31.0,4.0,3.0,12.0,110.0,41.0,90.0,0.45599999999999985,15.0,45.0,0.33299999999999985,13.0,13.0,1.0000000000000002,37.0,24.0,8.0,5.0,9.0,325.0,111.0,254.0,1.3190000000000004,37.0,116.0,0.9570000000000001,66.0,76.0,2.605999999999999,147.0,73.0,14.0,6.0,41.0,314.0,117.0,275.0,1.2769999999999997,35.0,113.0,0.9100000000000003,45.0,54.0,2.548,130.0,71.0,26.0,13.0,30.0,638.0,228.0,532.0,2.5820000000000003,69.0,220.0,1.8809999999999993,113.0,133.0,5.045999999999998,295.0,144.0,38.0,20.0,79.0,657.0,241.0,554.0,2.6109999999999998,73.0,221.0,1.9700000000000002,102.0,133.0,4.662,293.0,141.0,47.0,32.0,67.0,876.0,315.0,711.0,3.557,94.0,293.0,2.5659999999999994,152.0,184.0,6.578,388.0,193.0,55.0,26.0,107.0,871.0,320.0,720.0,3.5650000000000017,102.0,304.0,2.684999999999999,129.0,178.0,5.831999999999999,373.0,185.0,63.0,41.0,101.0
2022-03-11,118,108.0,36.0,76.0,0.47400000000000003,14.0,37.0,0.3779999999999998,22.0,26.0,0.8459999999999995,45.0,25.0,4.0,1.0,18.0,102.0,41.0,93.0,0.4409999999999998,7.0,31.0,0.2259999999999998,13.0,18.0,0.7220000000000002,41.0,23.0,11.0,2.0,11.0,303.0,108.0,254.0,1.2840000000000003,32.0,111.0,0.8710000000000001,55.0,67.0,2.413999999999999,139.0,67.0,17.0,8.0,41.0,328.0,122.0,277.0,1.3209999999999997,34.0,102.0,0.9890000000000003,50.0,68.0,2.215,148.0,72.0,25.0,12.0,28.0,639.0,233.0,542.0,2.5860000000000003,65.0,217.0,1.8049999999999993,108.0,130.0,4.938999999999997,285.0,142.0,44.0,19.0,77.0,650.0,235.0,536.0,2.6409999999999996,73.0,212.0,2.054,107.0,145.0,4.382,295.0,139.0,43.0,33.0,79.0,867.0,317.0,723.0,3.521,91.0,294.0,2.4829999999999997,142.0,172.0,6.621,384.0,185.0,54.0,28.0,108.0,891.0,324.0,720.0,3.6090000000000013,105.0,292.0,2.896999999999999,138.0,193.0,5.6179999999999986,383.0,184.0,62.0,42.0,103.0
2022-03-09,108,99.0,35.0,92.0,0.3800000000000001,7.0,39.0,0.17899999999999971,22.0,25.0,0.8799999999999996,53.0,17.0,6.0,2.0,11.0,102.0,35.0,92.0,0.3799999999999997,13.0,37.0,0.35099999999999976,19.0,23.0,0.8260000000000001,52.0,24.0,7.0,6.0,10.0,298.0,108.0,273.0,1.1890000000000003,29.0,111.0,0.7900000000000001,53.0,62.0,2.5199999999999987,149.0,66.0,18.0,11.0,31.0,323.0,118.0,277.0,1.2779999999999998,39.0,108.0,1.0870000000000004,48.0,67.0,2.14,161.0,71.0,16.0,18.0,29.0,650.0,239.0,549.0,2.6180000000000003,64.0,216.0,1.7879999999999994,108.0,133.0,4.851999999999998,294.0,137.0,47.0,22.0,77.0,659.0,238.0,537.0,2.6679999999999997,80.0,228.0,2.126,103.0,147.0,4.109999999999999,295.0,138.0,44.0,34.0,81.0,870.0,321.0,738.0,3.487,88.0,296.0,2.3869999999999996,140.0,169.0,6.6450000000000005,381.0,184.0,66.0,32.0,105.0,910.0,325.0,715.0,3.6450000000000014,114.0,301.0,3.070999999999999,146.0,198.0,5.808999999999999,394.0,186.0,58.0,42.0,114.0
2022-03-08,99,96.0,37.0,86.0,0.43000000000000005,11.0,35.0,0.3139999999999997,11.0,16.0,0.6879999999999996,41.0,25.0,7.0,5.0,12.0,124.0,46.0,92.0,0.49999999999999967,14.0,34.0,0.4119999999999997,18.0,27.0,0.6670000000000001,55.0,25.0,7.0,4.0,7.0,313.0,117.0,278.0,1.2630000000000003,32.0,104.0,0.9240000000000002,47.0,57.0,2.4399999999999986,148.0,71.0,24.0,14.0,38.0,343.0,124.0,279.0,1.3339999999999996,38.0,108.0,1.0600000000000005,57.0,79.0,2.1140000000000003,163.0,70.0,21.0,19.0,37.0,660.0,246.0,555.0,2.6670000000000003,70.0,218.0,1.9259999999999995,98.0,121.0,4.894999999999998,286.0,143.0,44.0,25.0,79.0,687.0,248.0,535.0,2.788,85.0,224.0,2.32,106.0,152.0,4.069999999999999,290.0,137.0,44.0,34.0,82.0,876.0,323.0,733.0,3.532,96.0,298.0,2.574,134.0,168.0,6.432,372.0,192.0,62.0,32.0,108.0,940.0,345.0,728.0,3.7890000000000015,116.0,298.0,3.1609999999999987,134.0,185.0,5.683,394.0,202.0,59.0,38.0,111.0
2022-03-05,96,103.0,36.0,95.0,0.37900000000000006,11.0,37.0,0.29699999999999976,20.0,21.0,0.9519999999999997,55.0,24.0,5.0,4.0,8.0,97.0,37.0,93.0,0.3979999999999997,12.0,37.0,0.3239999999999998,11.0,17.0,0.647,54.0,22.0,2.0,8.0,12.0,336.0,125.0,288.0,1.3020000000000003,33.0,106.0,0.9340000000000002,53.0,63.0,2.5249999999999986,146.0,75.0,27.0,11.0,36.0,322.0,113.0,259.0,1.3199999999999996,39.0,110.0,1.0650000000000006,57.0,77.0,2.1670000000000007,147.0,67.0,18.0,21.0,51.0,675.0,249.0,560.0,2.677,70.0,222.0,1.8939999999999992,107.0,128.0,5.076999999999998,287.0,142.0,53.0,25.0,82.0,684.0,244.0,531.0,2.7649999999999997,87.0,230.0,2.308,109.0,148.0,4.316,287.0,137.0,44.0,32.0,97.0,879.0,323.0,731.0,3.542,98.0,298.0,2.631,135.0,168.0,6.494000000000001,371.0,190.0,67.0,32.0,114.0,930.0,339.0,725.0,3.7380000000000013,115.0,305.0,3.065999999999999,137.0,182.0,5.891,389.0,199.0,67.0,39.0,119.0
2022-03-04,103,114.0,44.0,97.0,0.45400000000000007,10.0,32.0,0.3129999999999998,16.0,20.0,0.7999999999999998,52.0,22.0,12.0,5.0,18.0,122.0,41.0,94.0,0.4359999999999996,12.0,37.0,0.3239999999999998,28.0,35.0,0.8,54.0,23.0,12.0,7.0,18.0,352.0,131.0,276.0,1.4290000000000003,35.0,105.0,0.9980000000000002,55.0,71.0,2.3319999999999985,145.0,71.0,29.0,11.0,46.0,336.0,120.0,260.0,1.3899999999999997,41.0,120.0,1.0390000000000006,55.0,80.0,1.9700000000000009,134.0,67.0,28.0,16.0,52.0,677.0,250.0,552.0,2.723,74.0,226.0,1.9629999999999994,103.0,131.0,4.791999999999998,276.0,143.0,50.0,23.0,88.0,719.0,262.0,543.0,2.8909999999999996,90.0,227.0,2.425,105.0,141.0,4.369,285.0,155.0,50.0,26.0,92.0,889.0,331.0,726.0,3.6519999999999997,106.0,299.0,2.8339999999999996,121.0,155.0,6.292000000000001,366.0,200.0,70.0,35.0,120.0,928.0,334.0,723.0,3.6920000000000015,114.0,306.0,3.0309999999999993,146.0,191.0,6.013,385.0,198.0,74.0,36.0,120.0
2022-03-02,114,119.0,45.0,96.0,0.46900000000000003,12.0,37.0,0.3239999999999998,17.0,22.0,0.7729999999999999,39.0,29.0,10.0,2.0,10.0,103.0,35.0,72.0,0.4859999999999996,15.0,36.0,0.41699999999999976,18.0,25.0,0.72,39.0,22.0,4.0,6.0,21.0,347.0,129.0,277.0,1.4040000000000004,38.0,114.0,1.0020000000000002,51.0,64.0,2.4549999999999983,138.0,72.0,20.0,11.0,41.0,344.0,124.0,256.0,1.4539999999999997,47.0,116.0,1.2600000000000005,49.0,73.0,1.956000000000001,127.0,67.0,23.0,15.0,45.0,662.0,243.0,539.0,2.7089999999999996,77.0,229.0,2.0209999999999995,99.0,127.0,4.741999999999998,264.0,144.0,50.0,23.0,88.0,711.0,261.0,538.0,2.9039999999999995,91.0,231.0,2.418,98.0,130.0,4.444,281.0,154.0,53.0,24.0,89.0,858.0,316.0,710.0,3.5559999999999996,101.0,293.0,2.7129999999999996,125.0,156.0,6.444000000000001,354.0,195.0,66.0,35.0,119.0,922.0,338.0,728.0,3.711000000000001,115.0,315.0,2.9899999999999993,131.0,170.0,6.142,386.0,204.0,71.0,35.0,116.0
2022-02-28,119,119.0,42.0,83.0,0.5060000000000001,13.0,36.0,0.3609999999999998,22.0,29.0,0.759,54.0,20.0,7.0,4.0,18.0,111.0,44.0,94.0,0.46799999999999964,14.0,47.0,0.29799999999999977,9.0,20.0,0.44999999999999996,41.0,22.0,12.0,3.0,13.0,339.0,124.0,272.0,1.3750000000000004,37.0,116.0,0.9600000000000002,54.0,65.0,2.5519999999999983,141.0,67.0,26.0,14.0,46.0,362.0,131.0,272.0,1.4449999999999996,48.0,120.0,1.2430000000000005,52.0,71.0,2.149000000000001,140.0,70.0,26.0,11.0,46.0,656.0,242.0,533.0,2.7289999999999996,84.0,230.0,2.1969999999999996,88.0,113.0,4.7189999999999985,275.0,149.0,48.0,28.0,92.0,703.0,258.0,557.0,2.7699999999999996,87.0,233.0,2.2900000000000005,100.0,131.0,4.493,292.0,153.0,58.0,23.0,81.0,854.0,310.0,704.0,3.5199999999999996,106.0,304.0,2.743,128.0,163.0,6.361000000000001,353.0,193.0,58.0,35.0,118.0,954.0,356.0,761.0,3.7300000000000013,113.0,318.0,2.9059999999999997,129.0,167.0,6.149000000000001,409.0,215.0,73.0,34.0,103.0
2022-02-25,119,109.0,42.0,98.0,0.42900000000000005,13.0,41.0,0.31699999999999984,12.0,13.0,0.9229999999999999,45.0,23.0,3.0,5.0,13.0,130.0,45.0,90.0,0.4999999999999996,18.0,33.0,0.5449999999999997,22.0,28.0,0.786,47.0,23.0,7.0,6.0,11.0,325.0,119.0,276.0,1.2940000000000005,39.0,121.0,0.9650000000000001,48.0,60.0,2.4599999999999986,131.0,72.0,21.0,12.0,42.0,383.0,142.0,283.0,1.5009999999999997,49.0,107.0,1.3860000000000006,50.0,61.0,2.399000000000001,151.0,88.0,22.0,10.0,40.0,620.0,229.0,531.0,2.5809999999999995,76.0,220.0,2.0279999999999996,86.0,105.0,4.911999999999998,261.0,146.0,49.0,29.0,91.0,708.0,259.0,562.0,2.7569999999999997,86.0,232.0,2.2750000000000004,104.0,125.0,4.972,306.0,160.0,55.0,26.0,82.0,854.0,310.0,716.0,3.4559999999999995,104.0,303.0,2.6959999999999997,130.0,160.0,6.525,351.0,202.0,56.0,34.0,112.0,961.0,356.0,765.0,3.711000000000001,113.0,303.0,3.046,136.0,170.0,6.3950000000000005,414.0,218.0,68.0,32.0,98.0
2022-02-16,109,111.0,40.0,91.0,0.44,11.0,39.0,0.28199999999999975,20.0,23.0,0.8699999999999999,42.0,24.0,16.0,5.0,15.0,121.0,42.0,88.0,0.47699999999999965,16.0,40.0,0.3999999999999997,21.0,23.0,0.913,52.0,25.0,7.0,2.0,22.0,315.0,114.0,262.0,1.3050000000000004,39.0,115.0,1.0190000000000001,48.0,63.0,2.2869999999999986,126.0,72.0,30.0,12.0,47.0,367.0,137.0,282.0,1.4499999999999997,44.0,115.0,1.1580000000000004,49.0,57.0,2.488000000000001,154.0,87.0,30.0,9.0,44.0,626.0,226.0,523.0,2.5849999999999995,80.0,227.0,2.0649999999999995,94.0,121.0,4.6789999999999985,254.0,150.0,48.0,26.0,87.0,713.0,267.0,577.0,2.7619999999999996,81.0,238.0,2.0630000000000006,98.0,119.0,4.913,321.0,170.0,54.0,25.0,79.0,860.0,314.0,711.0,3.522,105.0,301.0,2.7379999999999995,127.0,158.0,6.42,342.0,212.0,60.0,33.0,108.0,957.0,357.0,765.0,3.7220000000000013,106.0,300.0,2.868,137.0,171.0,6.402000000000001,416.0,220.0,66.0,32.0,96.0
2022-02-14,111,105.0,37.0,87.0,0.425,15.0,41.0,0.3659999999999997,16.0,24.0,0.6669999999999999,44.0,25.0,2.0,2.0,14.0,132.0,55.0,105.0,0.5239999999999997,15.0,34.0,0.4409999999999997,7.0,10.0,0.7,52.0,40.0,8.0,2.0,7.0,317.0,118.0,261.0,1.3540000000000005,47.0,114.0,1.237,34.0,48.0,2.1669999999999985,134.0,82.0,22.0,14.0,46.0,341.0,127.0,285.0,1.3249999999999997,39.0,113.0,1.0470000000000002,48.0,60.0,2.344000000000001,152.0,83.0,32.0,12.0,35.0,634.0,228.0,527.0,2.5869999999999997,80.0,223.0,2.0969999999999995,98.0,124.0,4.731999999999998,264.0,155.0,37.0,24.0,84.0,710.0,269.0,587.0,2.7339999999999995,79.0,230.0,2.101000000000001,93.0,119.0,4.696,315.0,170.0,54.0,24.0,65.0,859.0,317.0,704.0,3.594,105.0,296.0,2.7799999999999994,120.0,151.0,6.3629999999999995,340.0,214.0,52.0,29.0,109.0,944.0,354.0,758.0,3.7260000000000013,106.0,298.0,2.889,130.0,166.0,6.267000000000001,404.0,217.0,68.0,34.0,92.0
2022-02-12,105,99.0,37.0,84.0,0.44,13.0,35.0,0.37099999999999966,12.0,16.0,0.7499999999999998,40.0,23.0,12.0,5.0,18.0,114.0,40.0,89.0,0.4489999999999996,13.0,41.0,0.3169999999999998,21.0,24.0,0.875,50.0,22.0,15.0,5.0,15.0,295.0,110.0,255.0,1.2870000000000006,37.0,99.0,1.0630000000000002,38.0,45.0,2.451999999999998,130.0,74.0,28.0,17.0,49.0,325.0,117.0,279.0,1.2559999999999998,37.0,125.0,0.889,54.0,64.0,2.5730000000000013,155.0,72.0,33.0,16.0,42.0,644.0,237.0,533.0,2.657,79.0,221.0,2.0899999999999994,91.0,111.0,4.882999999999998,256.0,163.0,42.0,26.0,79.0,704.0,260.0,572.0,2.7209999999999996,75.0,226.0,2.027000000000001,109.0,138.0,4.789,312.0,155.0,51.0,28.0,67.0,873.0,321.0,700.0,3.6630000000000003,102.0,280.0,2.8939999999999992,129.0,153.0,6.6579999999999995,343.0,217.0,55.0,34.0,110.0,915.0,331.0,740.0,3.570000000000001,101.0,293.0,2.793,152.0,193.0,6.351000000000001,393.0,200.0,70.0,41.0,95.0
2022-02-11,99,113.0,44.0,90.0,0.48900000000000005,19.0,38.0,0.49999999999999967,6.0,8.0,0.7499999999999998,50.0,34.0,8.0,7.0,14.0,95.0,32.0,91.0,0.3519999999999996,11.0,38.0,0.28899999999999976,20.0,26.0,0.7690000000000001,50.0,21.0,9.0,5.0,13.0,311.0,112.0,261.0,1.2800000000000007,41.0,112.0,1.0460000000000003,46.0,58.0,2.391999999999998,128.0,78.0,18.0,14.0,40.0,346.0,130.0,295.0,1.3119999999999996,37.0,123.0,0.905,49.0,62.0,2.425000000000001,167.0,83.0,24.0,16.0,35.0,655.0,243.0,533.0,2.729,77.0,220.0,2.0429999999999993,92.0,111.0,4.945999999999998,256.0,166.0,38.0,22.0,77.0,698.0,259.0,564.0,2.7529999999999997,78.0,223.0,2.1310000000000007,102.0,132.0,4.692,302.0,155.0,45.0,27.0,70.0,876.0,322.0,700.0,3.6750000000000003,98.0,280.0,2.7799999999999994,134.0,159.0,6.680999999999999,342.0,223.0,52.0,32.0,105.0,912.0,327.0,732.0,3.5650000000000013,103.0,281.0,2.993,155.0,196.0,6.365000000000001,392.0,198.0,62.0,37.0,95.0
2022-02-08,113,83.0,29.0,81.0,0.358,5.0,26.0,0.19199999999999973,20.0,21.0,0.9519999999999997,40.0,17.0,8.0,5.0,17.0,116.0,45.0,99.0,0.4549999999999996,13.0,46.0,0.28299999999999975,13.0,14.0,0.9290000000000002,55.0,29.0,9.0,6.0,14.0,317.0,110.0,266.0,1.2330000000000005,33.0,109.0,0.8600000000000003,64.0,76.0,2.564999999999998,130.0,73.0,15.0,10.0,38.0,369.0,142.0,302.0,1.4089999999999998,40.0,117.0,1.054,45.0,59.0,2.352000000000001,163.0,87.0,22.0,12.0,30.0,661.0,240.0,526.0,2.734,70.0,207.0,2.0229999999999992,111.0,129.0,5.157999999999998,253.0,160.0,35.0,22.0,78.0,706.0,259.0,560.0,2.7689999999999997,77.0,214.0,2.1870000000000007,111.0,143.0,4.707,293.0,157.0,46.0,31.0,67.0,877.0,320.0,690.0,3.7110000000000003,91.0,268.0,2.7419999999999995,146.0,174.0,6.7139999999999995,327.0,220.0,51.0,33.0,103.0,912.0,328.0,717.0,3.6470000000000016,97.0,264.0,2.9419999999999997,159.0,202.0,6.346000000000001,386.0,187.0,56.0,36.0,103.0
2022-02-06,83,115.0,39.0,90.0,0.43299999999999994,17.0,48.0,0.3539999999999997,20.0,29.0,0.6899999999999997,38.0,27.0,2.0,2.0,9.0,135.0,53.0,105.0,0.5049999999999997,13.0,39.0,0.3329999999999998,16.0,22.0,0.7270000000000001,62.0,33.0,6.0,5.0,8.0,349.0,127.0,278.0,1.3700000000000006,42.0,122.0,1.0270000000000004,53.0,66.0,2.4309999999999983,126.0,89.0,14.0,9.0,30.0,379.0,143.0,293.0,1.4649999999999999,38.0,101.0,1.1380000000000001,55.0,74.0,2.216000000000001,157.0,83.0,18.0,12.0,25.0,680.0,249.0,529.0,2.828,74.0,216.0,2.087999999999999,108.0,130.0,4.978999999999997,252.0,172.0,36.0,20.0,74.0,701.0,250.0,542.0,2.7579999999999996,79.0,197.0,2.4210000000000007,122.0,156.0,4.667,287.0,148.0,44.0,26.0,68.0,899.0,327.0,690.0,3.797,97.0,282.0,2.8249999999999993,148.0,182.0,6.521,322.0,226.0,49.0,37.0,103.0,912.0,325.0,703.0,3.6860000000000017,97.0,248.0,3.0919999999999996,165.0,211.0,6.243,376.0,181.0,59.0,34.0,107.0
2022-02-05,115,119.0,42.0,95.0,0.442,11.0,35.0,0.3139999999999997,24.0,26.0,0.9229999999999998,52.0,29.0,5.0,3.0,12.0,118.0,44.0,98.0,0.44899999999999973,14.0,32.0,0.4379999999999998,16.0,23.0,0.6960000000000001,46.0,25.0,7.0,1.0,8.0,344.0,131.0,272.0,1.4490000000000005,36.0,108.0,0.9970000000000004,46.0,53.0,2.553999999999998,128.0,88.0,20.0,8.0,37.0,352.0,129.0,269.0,1.4409999999999998,41.0,100.0,1.2260000000000002,53.0,70.0,2.2670000000000012,135.0,72.0,21.0,11.0,35.0,679.0,252.0,519.0,2.92,69.0,194.0,2.1959999999999993,106.0,124.0,5.071999999999997,249.0,176.0,41.0,26.0,77.0,661.0,230.0,513.0,2.687,71.0,179.0,2.3260000000000005,130.0,166.0,4.6899999999999995,269.0,125.0,41.0,25.0,81.0,894.0,328.0,690.0,3.8080000000000007,98.0,269.0,2.9849999999999994,140.0,169.0,6.5809999999999995,327.0,225.0,51.0,39.0,105.0,900.0,317.0,681.0,3.7230000000000016,94.0,237.0,3.1159999999999997,172.0,216.0,6.368,358.0,169.0,60.0,37.0,108.0
2022-02-02,119,115.0,46.0,93.0,0.49500000000000005,14.0,39.0,0.3589999999999997,9.0,11.0,0.8179999999999996,36.0,33.0,7.0,4.0,9.0,126.0,46.0,90.0,0.5109999999999997,11.0,30.0,0.3669999999999997,23.0,29.0,0.7930000000000001,49.0,25.0,5.0,6.0,9.0,344.0,130.0,260.0,1.5010000000000006,37.0,98.0,1.1630000000000003,47.0,53.0,2.592999999999998,123.0,87.0,20.0,12.0,40.0,337.0,117.0,258.0,1.3599999999999997,37.0,97.0,1.1330000000000002,66.0,84.0,2.3550000000000013,130.0,70.0,24.0,19.0,37.0,665.0,246.0,505.0,2.9219999999999997,69.0,199.0,2.156999999999999,104.0,127.0,4.907999999999998,232.0,170.0,42.0,32.0,82.0,659.0,228.0,500.0,2.732,70.0,177.0,2.321,133.0,166.0,4.819999999999999,268.0,123.0,46.0,28.0,91.0,863.0,320.0,685.0,3.7440000000000007,95.0,266.0,2.9209999999999994,128.0,163.0,6.257999999999999,325.0,217.0,55.0,43.0,109.0,880.0,310.0,673.0,3.6850000000000014,87.0,239.0,2.8839999999999995,173.0,211.0,6.6160000000000005,367.0,164.0,62.0,44.0,117.0
2022-02-01,115,110.0,43.0,84.0,0.5120000000000001,11.0,34.0,0.32399999999999973,13.0,16.0,0.8129999999999996,40.0,26.0,8.0,1.0,16.0,108.0,39.0,81.0,0.48099999999999965,16.0,38.0,0.4209999999999997,14.0,18.0,0.7780000000000001,40.0,22.0,9.0,4.0,18.0,331.0,122.0,251.0,1.4580000000000006,32.0,94.0,1.0610000000000004,55.0,64.0,2.5479999999999983,126.0,83.0,22.0,11.0,44.0,322.0,107.0,249.0,1.2929999999999997,41.0,96.0,1.2830000000000004,67.0,82.0,2.4510000000000014,130.0,65.0,26.0,14.0,43.0,660.0,240.0,502.0,2.8709999999999996,73.0,195.0,2.3119999999999994,107.0,132.0,4.839999999999998,239.0,163.0,39.0,32.0,84.0,656.0,227.0,493.0,2.763,69.0,175.0,2.311,133.0,164.0,4.879,263.0,119.0,48.0,30.0,91.0,840.0,311.0,669.0,3.7300000000000004,88.0,253.0,2.8309999999999995,130.0,168.0,6.127999999999999,326.0,200.0,55.0,42.0,115.0,862.0,296.0,661.0,3.5840000000000014,88.0,243.0,2.869999999999999,182.0,220.0,6.665,365.0,155.0,63.0,41.0,117.0
2022-01-30,110,119.0,41.0,83.0,0.4940000000000002,12.0,25.0,0.4799999999999997,25.0,26.0,0.9619999999999995,47.0,28.0,5.0,7.0,15.0,103.0,32.0,87.0,0.36799999999999966,10.0,29.0,0.3449999999999997,29.0,37.0,0.7840000000000003,41.0,23.0,10.0,9.0,10.0,335.0,121.0,247.0,1.4710000000000005,33.0,86.0,1.1990000000000003,60.0,71.0,2.517999999999998,121.0,88.0,21.0,18.0,40.0,309.0,101.0,244.0,1.2459999999999996,30.0,79.0,1.1000000000000003,77.0,96.0,2.4230000000000014,134.0,53.0,20.0,14.0,46.0,638.0,231.0,508.0,2.7369999999999997,70.0,193.0,2.2379999999999995,106.0,136.0,4.626999999999998,249.0,158.0,40.0,38.0,84.0,646.0,225.0,502.0,2.693,60.0,171.0,2.096,136.0,164.0,5.045,278.0,117.0,48.0,34.0,90.0,846.0,313.0,672.0,3.7350000000000008,92.0,264.0,2.84,128.0,167.0,6.047999999999999,329.0,206.0,56.0,45.0,118.0,863.0,297.0,677.0,3.5150000000000015,84.0,247.0,2.7349999999999994,185.0,223.0,6.696999999999999,369.0,161.0,63.0,42.0,115.0
2022-01-28,119,102.0,38.0,84.0,0.4520000000000002,9.0,35.0,0.2569999999999997,17.0,22.0,0.7729999999999995,39.0,29.0,9.0,3.0,13.0,111.0,36.0,81.0,0.4439999999999996,15.0,29.0,0.5169999999999997,24.0,27.0,0.8890000000000002,49.0,20.0,7.0,1.0,15.0,321.0,116.0,245.0,1.4210000000000005,32.0,101.0,0.9940000000000002,57.0,74.0,2.3149999999999977,109.0,83.0,22.0,20.0,42.0,322.0,111.0,242.0,1.3719999999999994,33.0,80.0,1.1880000000000004,67.0,82.0,2.4650000000000016,138.0,53.0,22.0,9.0,54.0,611.0,227.0,502.0,2.7239999999999993,65.0,194.0,2.0269999999999997,92.0,126.0,4.352999999999998,239.0,146.0,42.0,34.0,84.0,651.0,225.0,493.0,2.7350000000000003,62.0,176.0,2.104,139.0,165.0,5.103,284.0,110.0,44.0,28.0,89.0,833.0,313.0,688.0,3.655000000000001,91.0,274.0,2.674,116.0,157.0,5.898999999999999,331.0,209.0,57.0,44.0,112.0,872.0,308.0,672.0,3.6710000000000016,84.0,249.0,2.712999999999999,172.0,207.0,6.675,370.0,164.0,59.0,37.0,115.0
2022-01-26,102,114.0,42.0,80.0,0.5250000000000001,12.0,26.0,0.46199999999999963,18.0,23.0,0.7829999999999996,35.0,31.0,7.0,8.0,12.0,95.0,33.0,76.0,0.43399999999999966,5.0,21.0,0.23799999999999966,24.0,32.0,0.7500000000000002,44.0,10.0,3.0,4.0,21.0,329.0,118.0,251.0,1.4130000000000005,41.0,101.0,1.2510000000000003,52.0,68.0,2.2919999999999976,113.0,80.0,17.0,21.0,40.0,334.0,120.0,244.0,1.4699999999999995,28.0,79.0,1.0280000000000005,66.0,82.0,2.4280000000000017,133.0,54.0,22.0,16.0,48.0,625.0,234.0,505.0,2.7889999999999993,71.0,204.0,2.1029999999999998,86.0,119.0,4.312999999999998,243.0,149.0,42.0,35.0,90.0,649.0,229.0,509.0,2.7030000000000003,59.0,189.0,1.8730000000000002,132.0,159.0,5.024,279.0,118.0,46.0,32.0,90.0,831.0,313.0,699.0,3.6030000000000015,91.0,267.0,2.738,114.0,151.0,6.063999999999999,334.0,198.0,57.0,47.0,106.0,863.0,308.0,679.0,3.636000000000002,80.0,249.0,2.5749999999999993,167.0,204.0,6.577999999999999,375.0,167.0,53.0,42.0,112.0
2022-01-23,114,105.0,36.0,81.0,0.44400000000000006,11.0,40.0,0.27499999999999963,22.0,29.0,0.7589999999999996,35.0,23.0,6.0,9.0,17.0,116.0,42.0,85.0,0.4939999999999997,13.0,30.0,0.4329999999999996,19.0,23.0,0.8260000000000001,45.0,23.0,12.0,4.0,18.0,303.0,110.0,261.0,1.2660000000000005,37.0,107.0,1.0390000000000004,46.0,65.0,2.1089999999999978,128.0,70.0,19.0,20.0,44.0,337.0,124.0,258.0,1.4469999999999996,30.0,92.0,0.9960000000000004,59.0,68.0,2.6220000000000017,144.0,64.0,28.0,20.0,44.0,617.0,233.0,524.0,2.6779999999999995,70.0,213.0,1.9549999999999998,81.0,112.0,4.342999999999997,257.0,149.0,41.0,33.0,87.0,666.0,239.0,515.0,2.793,64.0,199.0,1.9580000000000002,124.0,148.0,5.036,277.0,134.0,49.0,32.0,79.0,809.0,300.0,705.0,3.415000000000002,93.0,287.0,2.5799999999999996,116.0,151.0,6.150999999999999,343.0,192.0,56.0,48.0,106.0,865.0,313.0,690.0,3.639000000000002,85.0,261.0,2.6399999999999992,154.0,188.0,6.515999999999999,380.0,180.0,57.0,44.0,103.0
2022-01-21,105,110.0,40.0,90.0,0.4440000000000001,18.0,35.0,0.5139999999999997,12.0,16.0,0.7499999999999994,43.0,26.0,4.0,4.0,11.0,123.0,45.0,83.0,0.5419999999999998,10.0,28.0,0.3569999999999996,23.0,27.0,0.852,44.0,21.0,7.0,8.0,9.0,290.0,111.0,257.0,1.3030000000000004,33.0,93.0,1.0330000000000004,35.0,52.0,2.037999999999998,130.0,63.0,20.0,14.0,42.0,329.0,114.0,251.0,1.3629999999999995,29.0,96.0,0.9160000000000004,72.0,83.0,2.6380000000000017,146.0,57.0,22.0,19.0,35.0,612.0,235.0,538.0,2.6339999999999995,68.0,201.0,2.001,74.0,99.0,4.521999999999997,264.0,144.0,44.0,30.0,77.0,652.0,233.0,518.0,2.708,62.0,198.0,1.9040000000000001,124.0,149.0,5.002,286.0,134.0,38.0,34.0,73.0,810.0,304.0,714.0,3.415000000000002,94.0,286.0,2.6129999999999995,108.0,142.0,6.091999999999999,355.0,191.0,59.0,42.0,108.0,865.0,314.0,690.0,3.6510000000000025,84.0,259.0,2.6359999999999992,153.0,189.0,6.4399999999999995,377.0,183.0,53.0,44.0,100.0
2022-01-19,110,88.0,34.0,90.0,0.37800000000000006,8.0,32.0,0.24999999999999967,12.0,20.0,0.5999999999999994,50.0,21.0,9.0,7.0,16.0,98.0,37.0,90.0,0.4109999999999998,7.0,34.0,0.20599999999999963,17.0,18.0,0.9439999999999998,55.0,20.0,9.0,8.0,17.0,296.0,116.0,254.0,1.3760000000000003,30.0,103.0,0.8520000000000003,34.0,51.0,2.020999999999998,130.0,69.0,25.0,14.0,50.0,315.0,109.0,265.0,1.2329999999999994,31.0,110.0,0.8450000000000004,66.0,77.0,2.596000000000002,146.0,64.0,24.0,16.0,42.0,594.0,224.0,534.0,2.5269999999999997,64.0,212.0,1.7909999999999997,82.0,106.0,4.641999999999997,265.0,143.0,46.0,35.0,78.0,626.0,226.0,522.0,2.6029999999999998,62.0,203.0,1.8500000000000003,112.0,138.0,4.837999999999999,291.0,136.0,38.0,32.0,76.0,798.0,300.0,709.0,3.395000000000002,86.0,278.0,2.4689999999999994,112.0,144.0,6.230999999999999,356.0,189.0,60.0,40.0,110.0,844.0,306.0,693.0,3.5390000000000024,85.0,262.0,2.6339999999999995,147.0,185.0,6.326999999999999,382.0,179.0,56.0,40.0,104.0
2022-01-17,88,92.0,37.0,77.0,0.481,7.0,26.0,0.2689999999999997,11.0,16.0,0.6879999999999994,37.0,16.0,7.0,3.0,15.0,108.0,32.0,78.0,0.40999999999999975,12.0,34.0,0.35299999999999965,32.0,38.0,0.8419999999999999,47.0,16.0,6.0,3.0,9.0,314.0,123.0,263.0,1.4120000000000004,33.0,106.0,0.9160000000000004,35.0,47.0,2.2339999999999978,129.0,79.0,22.0,13.0,43.0,329.0,115.0,257.0,1.3459999999999994,34.0,107.0,0.9620000000000004,65.0,80.0,2.414000000000002,133.0,70.0,21.0,12.0,35.0,612.0,230.0,534.0,2.5929999999999995,68.0,219.0,1.8489999999999998,84.0,106.0,4.741999999999997,262.0,144.0,46.0,31.0,81.0,644.0,232.0,517.0,2.698,67.0,197.0,2.0730000000000004,113.0,144.0,4.643999999999999,278.0,142.0,37.0,28.0,74.0,821.0,306.0,714.0,3.4380000000000015,87.0,273.0,2.5519999999999996,122.0,151.0,6.446,351.0,185.0,63.0,36.0,108.0,862.0,308.0,689.0,3.581000000000002,91.0,264.0,2.7889999999999993,155.0,195.0,6.275999999999999,373.0,184.0,52.0,42.0,108.0
2022-01-15,92,116.0,45.0,87.0,0.517,15.0,45.0,0.33299999999999963,11.0,15.0,0.7329999999999994,43.0,32.0,9.0,4.0,19.0,109.0,40.0,97.0,0.41199999999999976,12.0,42.0,0.2859999999999996,17.0,21.0,0.8099999999999999,44.0,28.0,9.0,5.0,16.0,322.0,124.0,281.0,1.3310000000000004,35.0,108.0,0.9680000000000003,39.0,47.0,2.483999999999998,134.0,81.0,24.0,16.0,35.0,323.0,119.0,267.0,1.3449999999999995,33.0,102.0,0.9880000000000004,52.0,66.0,2.364000000000002,140.0,77.0,16.0,15.0,38.0,618.0,229.0,542.0,2.5359999999999996,71.0,220.0,1.9499999999999997,89.0,108.0,4.942999999999998,269.0,152.0,44.0,30.0,79.0,638.0,237.0,525.0,2.718,66.0,194.0,2.075,98.0,129.0,4.5409999999999995,280.0,143.0,41.0,29.0,78.0,847.0,311.0,724.0,3.4400000000000017,93.0,283.0,2.6439999999999992,132.0,162.0,6.5360000000000005,347.0,195.0,61.0,34.0,103.0,890.0,321.0,702.0,3.666000000000002,92.0,263.0,2.829999999999999,156.0,193.0,6.350999999999999,376.0,192.0,53.0,45.0,112.0
2022-01-14,116,106.0,41.0,99.0,0.41400000000000003,11.0,35.0,0.31399999999999956,13.0,16.0,0.8129999999999994,49.0,31.0,6.0,6.0,9.0,112.0,43.0,82.0,0.5239999999999998,10.0,31.0,0.32299999999999957,16.0,21.0,0.762,42.0,26.0,6.0,4.0,10.0,298.0,108.0,280.0,1.1510000000000002,34.0,109.0,0.9390000000000003,48.0,55.0,2.620999999999998,135.0,74.0,21.0,21.0,28.0,311.0,117.0,257.0,1.3699999999999997,31.0,93.0,1.0050000000000003,46.0,61.0,2.242000000000002,145.0,72.0,14.0,16.0,34.0,613.0,224.0,550.0,2.4399999999999995,65.0,202.0,1.95,100.0,120.0,5.024999999999998,271.0,137.0,47.0,29.0,74.0,645.0,236.0,514.0,2.759,67.0,188.0,2.15,106.0,136.0,4.623999999999999,282.0,140.0,37.0,34.0,83.0,841.0,304.0,720.0,3.381000000000002,90.0,277.0,2.618999999999999,143.0,173.0,6.649000000000001,341.0,187.0,59.0,34.0,97.0,908.0,328.0,690.0,3.807000000000002,97.0,258.0,3.0029999999999992,155.0,194.0,6.267999999999999,372.0,195.0,48.0,43.0,108.0
2022-01-12,106,100.0,38.0,95.0,0.4000000000000001,9.0,28.0,0.32099999999999956,15.0,16.0,0.9379999999999995,42.0,18.0,9.0,6.0,7.0,102.0,36.0,88.0,0.4089999999999998,11.0,29.0,0.3789999999999995,19.0,24.0,0.792,54.0,23.0,1.0,6.0,12.0,298.0,107.0,271.0,1.1810000000000003,35.0,113.0,0.9330000000000003,49.0,59.0,2.5079999999999982,133.0,65.0,24.0,18.0,38.0,315.0,117.0,260.0,1.3519999999999996,33.0,90.0,1.1110000000000004,48.0,64.0,2.230000000000002,145.0,72.0,16.0,16.0,39.0,625.0,225.0,538.0,2.5089999999999995,67.0,203.0,1.9969999999999999,108.0,131.0,4.9899999999999975,255.0,132.0,46.0,24.0,75.0,669.0,238.0,523.0,2.73,70.0,190.0,2.221,123.0,151.0,4.778999999999998,290.0,138.0,38.0,36.0,86.0,818.0,294.0,693.0,3.398000000000002,89.0,274.0,2.617999999999999,141.0,174.0,6.483000000000001,335.0,173.0,59.0,32.0,106.0,889.0,321.0,697.0,3.687000000000002,97.0,261.0,2.9739999999999993,150.0,191.0,6.116999999999999,381.0,197.0,49.0,40.0,111.0
2022-01-09,100,92.0,29.0,86.0,0.3370000000000001,14.0,46.0,0.30399999999999955,20.0,23.0,0.8699999999999994,44.0,25.0,6.0,9.0,12.0,97.0,38.0,87.0,0.4369999999999999,10.0,33.0,0.3029999999999995,11.0,16.0,0.688,49.0,23.0,7.0,6.0,12.0,296.0,105.0,261.0,1.205,36.0,112.0,0.9820000000000004,50.0,61.0,2.4589999999999987,135.0,71.0,20.0,14.0,44.0,315.0,118.0,258.0,1.3729999999999996,33.0,92.0,1.0870000000000004,46.0,63.0,2.1770000000000023,140.0,66.0,25.0,14.0,40.0,635.0,225.0,526.0,2.5669999999999997,70.0,214.0,1.9839999999999998,115.0,141.0,4.897999999999998,250.0,138.0,44.0,22.0,81.0,694.0,249.0,520.0,2.874,76.0,198.0,2.301,120.0,149.0,4.713999999999999,276.0,146.0,41.0,33.0,86.0,822.0,294.0,686.0,3.430000000000002,89.0,278.0,2.577999999999999,145.0,179.0,6.450000000000002,337.0,174.0,56.0,37.0,107.0,897.0,322.0,695.0,3.708000000000002,99.0,262.0,3.027999999999999,154.0,193.0,6.209999999999999,373.0,195.0,52.0,36.0,109.0
2022-01-08,92,106.0,40.0,90.0,0.4440000000000001,12.0,39.0,0.30799999999999955,14.0,20.0,0.6999999999999994,47.0,22.0,9.0,3.0,19.0,116.0,43.0,85.0,0.5059999999999998,12.0,28.0,0.42899999999999955,18.0,24.0,0.75,42.0,26.0,8.0,4.0,15.0,315.0,116.0,270.0,1.2890000000000001,31.0,93.0,1.0110000000000003,52.0,65.0,2.4039999999999986,136.0,63.0,26.0,8.0,46.0,334.0,119.0,257.0,1.3889999999999996,36.0,95.0,1.1450000000000005,60.0,75.0,2.3820000000000023,137.0,68.0,23.0,18.0,49.0,626.0,227.0,512.0,2.6609999999999996,66.0,200.0,1.9929999999999997,106.0,135.0,4.674999999999998,249.0,130.0,44.0,17.0,87.0,690.0,247.0,522.0,2.841,76.0,199.0,2.2920000000000003,120.0,151.0,4.636999999999999,278.0,151.0,41.0,28.0,87.0,834.0,303.0,685.0,3.540000000000002,86.0,269.0,2.5709999999999993,142.0,179.0,6.319000000000002,333.0,176.0,61.0,33.0,105.0,898.0,316.0,688.0,3.6710000000000025,101.0,260.0,3.111999999999999,165.0,206.0,6.281,373.0,193.0,49.0,38.0,111.0
2022-01-05,106,98.0,36.0,85.0,0.4240000000000001,10.0,27.0,0.3699999999999995,16.0,18.0,0.8889999999999996,44.0,24.0,5.0,2.0,13.0,102.0,37.0,86.0,0.4299999999999997,11.0,31.0,0.3549999999999996,17.0,23.0,0.7389999999999999,49.0,17.0,10.0,4.0,13.0,327.0,118.0,267.0,1.3280000000000003,32.0,90.0,1.0640000000000003,59.0,72.0,2.4819999999999984,122.0,67.0,22.0,6.0,37.0,354.0,121.0,263.0,1.3779999999999994,37.0,100.0,1.1100000000000005,75.0,87.0,2.549000000000002,145.0,66.0,22.0,20.0,47.0,624.0,225.0,510.0,2.6489999999999996,63.0,193.0,1.9659999999999995,111.0,136.0,4.879999999999998,246.0,127.0,41.0,25.0,76.0,684.0,241.0,523.0,2.7650000000000006,77.0,201.0,2.2960000000000003,125.0,153.0,4.7719999999999985,282.0,146.0,37.0,26.0,82.0,828.0,302.0,689.0,3.511000000000002,84.0,261.0,2.5859999999999994,140.0,172.0,6.542000000000002,336.0,174.0,58.0,34.0,102.0,875.0,312.0,705.0,3.5470000000000024,98.0,278.0,2.8789999999999996,153.0,190.0,6.281,382.0,191.0,49.0,42.0,111.0
2022-01-03,98,111.0,40.0,95.0,0.4210000000000001,9.0,27.0,0.3329999999999995,22.0,27.0,0.8149999999999995,45.0,17.0,12.0,3.0,14.0,116.0,39.0,86.0,0.4529999999999998,13.0,36.0,0.36099999999999954,25.0,28.0,0.8929999999999999,46.0,25.0,5.0,10.0,21.0,339.0,120.0,265.0,1.3620000000000003,34.0,102.0,1.0020000000000002,65.0,80.0,2.4389999999999983,115.0,67.0,24.0,8.0,37.0,379.0,131.0,262.0,1.5009999999999997,43.0,106.0,1.2140000000000006,74.0,86.0,2.537000000000002,136.0,80.0,16.0,19.0,46.0,630.0,227.0,510.0,2.6719999999999997,64.0,203.0,1.8929999999999993,112.0,141.0,4.729999999999998,242.0,130.0,47.0,28.0,73.0,680.0,236.0,517.0,2.7350000000000003,78.0,201.0,2.3280000000000003,130.0,159.0,4.791999999999999,282.0,150.0,31.0,30.0,83.0,835.0,309.0,693.0,3.570000000000002,85.0,266.0,2.559999999999999,132.0,164.0,6.453000000000001,328.0,173.0,63.0,37.0,100.0,888.0,316.0,701.0,3.617000000000002,106.0,282.0,3.0669999999999997,150.0,186.0,6.279,379.0,199.0,44.0,43.0,113.0
2022-01-02,111,118.0,42.0,87.0,0.48300000000000015,13.0,36.0,0.3609999999999995,21.0,27.0,0.7779999999999996,33.0,26.0,5.0,1.0,10.0,136.0,45.0,91.0,0.4949999999999997,13.0,33.0,0.3939999999999996,33.0,36.0,0.917,50.0,24.0,7.0,6.0,13.0,311.0,111.0,242.0,1.3720000000000003,35.0,107.0,0.9820000000000002,54.0,70.0,2.2709999999999986,113.0,67.0,18.0,9.0,41.0,356.0,128.0,265.0,1.4519999999999997,40.0,104.0,1.1470000000000007,60.0,76.0,2.2550000000000026,141.0,83.0,18.0,10.0,38.0,619.0,226.0,509.0,2.666,65.0,207.0,1.8829999999999993,102.0,127.0,4.837999999999997,247.0,133.0,41.0,29.0,75.0,657.0,236.0,533.0,2.6640000000000006,74.0,211.0,2.1630000000000003,111.0,139.0,4.648999999999999,287.0,149.0,34.0,28.0,77.0,823.0,304.0,688.0,3.5380000000000025,86.0,274.0,2.512999999999999,129.0,158.0,6.543000000000001,329.0,181.0,55.0,36.0,102.0,883.0,319.0,700.0,3.6580000000000026,104.0,277.0,3.061,141.0,174.0,6.386,373.0,199.0,50.0,38.0,105.0
2021-12-30,118,110.0,38.0,83.0,0.4580000000000002,12.0,39.0,0.3079999999999995,22.0,26.0,0.8459999999999996,37.0,24.0,7.0,4.0,13.0,127.0,47.0,85.0,0.5529999999999998,17.0,37.0,0.4589999999999995,16.0,22.0,0.7270000000000001,40.0,31.0,4.0,3.0,12.0,297.0,107.0,243.0,1.3210000000000002,31.0,103.0,0.9020000000000004,52.0,64.0,2.3979999999999984,124.0,60.0,19.0,19.0,39.0,330.0,120.0,260.0,1.3869999999999996,40.0,101.0,1.1860000000000008,50.0,66.0,2.2230000000000025,137.0,80.0,15.0,6.0,35.0,606.0,227.0,511.0,2.666,63.0,203.0,1.8659999999999994,89.0,110.0,4.859999999999998,250.0,130.0,46.0,33.0,76.0,636.0,232.0,524.0,2.6690000000000005,80.0,213.0,2.3120000000000003,92.0,122.0,4.468999999999999,283.0,150.0,32.0,27.0,79.0,799.0,295.0,689.0,3.4300000000000024,86.0,276.0,2.493999999999999,123.0,150.0,6.554,343.0,172.0,56.0,39.0,110.0,853.0,315.0,693.0,3.6510000000000025,104.0,272.0,3.131,119.0,155.0,6.1160000000000005,367.0,199.0,55.0,43.0,105.0
2021-12-28,110,83.0,31.0,72.0,0.4310000000000002,10.0,32.0,0.31299999999999956,11.0,17.0,0.6469999999999997,43.0,17.0,6.0,4.0,18.0,93.0,36.0,89.0,0.4039999999999998,10.0,34.0,0.29399999999999943,11.0,18.0,0.6110000000000001,51.0,28.0,7.0,1.0,13.0,291.0,107.0,245.0,1.3100000000000003,30.0,101.0,0.8910000000000002,47.0,61.0,2.290999999999998,127.0,63.0,23.0,20.0,36.0,301.0,105.0,255.0,1.2339999999999995,35.0,95.0,1.1140000000000008,56.0,73.0,2.2550000000000026,146.0,70.0,15.0,11.0,37.0,595.0,224.0,518.0,2.5969999999999995,61.0,199.0,1.8439999999999992,86.0,105.0,4.918999999999998,259.0,131.0,43.0,31.0,79.0,620.0,227.0,524.0,2.6100000000000003,74.0,207.0,2.208,92.0,116.0,4.741999999999999,283.0,144.0,39.0,29.0,80.0,793.0,292.0,686.0,3.4100000000000024,86.0,270.0,2.549999999999999,123.0,148.0,6.625,351.0,169.0,53.0,40.0,108.0,832.0,310.0,700.0,3.5550000000000024,105.0,271.0,3.1719999999999997,107.0,139.0,6.056,372.0,195.0,58.0,41.0,100.0
2021-12-26,83,104.0,38.0,88.0,0.4320000000000002,9.0,32.0,0.28099999999999964,19.0,21.0,0.9049999999999996,44.0,19.0,6.0,11.0,8.0,110.0,37.0,86.0,0.4299999999999998,13.0,30.0,0.43299999999999944,23.0,26.0,0.885,46.0,21.0,4.0,2.0,10.0,308.0,115.0,267.0,1.2940000000000003,30.0,100.0,0.9010000000000002,48.0,57.0,2.5669999999999984,134.0,66.0,23.0,20.0,34.0,301.0,108.0,268.0,1.2119999999999997,34.0,107.0,1.0160000000000007,51.0,63.0,2.394000000000003,146.0,66.0,16.0,18.0,39.0,606.0,226.0,534.0,2.5409999999999995,64.0,205.0,1.872999999999999,90.0,107.0,5.060999999999997,263.0,131.0,43.0,31.0,79.0,633.0,232.0,519.0,2.6940000000000004,77.0,201.0,2.378,92.0,115.0,4.778,276.0,140.0,44.0,39.0,80.0,840.0,309.0,711.0,3.4740000000000024,92.0,272.0,2.707999999999999,130.0,154.0,6.761,351.0,181.0,49.0,41.0,102.0,881.0,327.0,708.0,3.6970000000000027,110.0,271.0,3.3189999999999995,117.0,146.0,6.285,364.0,191.0,59.0,47.0,95.0
2021-12-23,104,104.0,38.0,85.0,0.44700000000000023,11.0,37.0,0.2969999999999996,17.0,23.0,0.7389999999999997,40.0,27.0,11.0,5.0,10.0,98.0,32.0,80.0,0.39999999999999986,12.0,31.0,0.3869999999999994,22.0,29.0,0.7590000000000001,49.0,21.0,4.0,8.0,14.0,309.0,120.0,268.0,1.3450000000000002,32.0,100.0,0.9640000000000001,37.0,46.0,2.461999999999998,126.0,70.0,27.0,14.0,37.0,306.0,112.0,264.0,1.2819999999999998,40.0,112.0,1.1260000000000006,42.0,56.0,2.246000000000003,146.0,70.0,17.0,21.0,44.0,606.0,223.0,526.0,2.5469999999999997,67.0,206.0,1.955999999999999,93.0,110.0,5.072999999999997,264.0,133.0,41.0,25.0,82.0,629.0,237.0,525.0,2.721,82.0,207.0,2.4450000000000003,73.0,95.0,4.56,275.0,146.0,47.0,38.0,77.0,831.0,304.0,699.0,3.4760000000000026,94.0,278.0,2.715999999999999,129.0,155.0,6.6739999999999995,345.0,180.0,53.0,34.0,116.0,897.0,333.0,709.0,3.7610000000000023,117.0,281.0,3.3859999999999997,114.0,149.0,6.09,361.0,198.0,70.0,47.0,100.0
2021-12-22,104,100.0,39.0,94.0,0.4150000000000002,10.0,31.0,0.3229999999999997,12.0,13.0,0.9229999999999997,50.0,20.0,6.0,4.0,16.0,93.0,39.0,102.0,0.3819999999999998,9.0,46.0,0.1959999999999994,6.0,8.0,0.7500000000000001,51.0,24.0,8.0,8.0,15.0,304.0,117.0,273.0,1.2870000000000001,31.0,98.0,0.9530000000000001,39.0,44.0,2.6279999999999983,132.0,68.0,20.0,11.0,43.0,319.0,122.0,269.0,1.376,39.0,112.0,1.0940000000000005,36.0,43.0,2.487000000000003,137.0,74.0,24.0,18.0,43.0,632.0,233.0,538.0,2.5949999999999998,72.0,203.0,2.129999999999999,94.0,110.0,5.116999999999997,267.0,135.0,32.0,25.0,84.0,673.0,258.0,542.0,2.8670000000000004,85.0,210.0,2.499,72.0,91.0,4.640999999999999,269.0,149.0,51.0,37.0,71.0,843.0,308.0,700.0,3.5170000000000026,96.0,278.0,2.7699999999999987,131.0,153.0,6.84,350.0,177.0,48.0,33.0,124.0,917.0,345.0,721.0,3.8390000000000026,122.0,297.0,3.3609999999999998,105.0,135.0,6.1979999999999995,347.0,210.0,73.0,44.0,96.0
2021-12-18,100,105.0,43.0,89.0,0.48300000000000015,11.0,32.0,0.3439999999999996,8.0,10.0,0.7999999999999998,36.0,23.0,10.0,5.0,11.0,115.0,41.0,82.0,0.4999999999999998,19.0,35.0,0.5429999999999995,14.0,19.0,0.7370000000000001,46.0,25.0,5.0,5.0,15.0,298.0,111.0,267.0,1.247,34.0,105.0,0.9720000000000002,42.0,50.0,2.4939999999999984,129.0,65.0,20.0,11.0,45.0,332.0,124.0,251.0,1.4819999999999998,43.0,94.0,1.3620000000000005,41.0,52.0,2.384000000000003,130.0,74.0,28.0,21.0,41.0,627.0,227.0,520.0,2.614,73.0,210.0,2.095999999999999,100.0,119.0,5.011999999999997,255.0,133.0,36.0,25.0,90.0,706.0,262.0,527.0,2.9790000000000005,96.0,204.0,2.803,86.0,112.0,4.5809999999999995,261.0,153.0,58.0,31.0,71.0,851.0,313.0,687.0,3.6450000000000022,92.0,274.0,2.6689999999999987,133.0,159.0,6.654,339.0,183.0,50.0,35.0,120.0,927.0,345.0,699.0,3.9450000000000025,123.0,285.0,3.4589999999999996,114.0,148.0,6.161999999999999,331.0,208.0,70.0,40.0,95.0
2021-12-17,105,99.0,35.0,90.0,0.3890000000000001,10.0,35.0,0.2859999999999996,19.0,21.0,0.9049999999999998,46.0,25.0,4.0,2.0,16.0,111.0,42.0,85.0,0.4939999999999998,11.0,31.0,0.3549999999999994,16.0,16.0,1.0,40.0,25.0,11.0,5.0,13.0,297.0,103.0,258.0,1.202,35.0,106.0,0.9920000000000003,56.0,64.0,2.610999999999999,138.0,63.0,14.0,11.0,45.0,323.0,125.0,261.0,1.4389999999999998,42.0,95.0,1.3190000000000004,31.0,39.0,2.3140000000000027,129.0,76.0,30.0,17.0,33.0,638.0,226.0,517.0,2.6189999999999998,75.0,215.0,2.1029999999999993,111.0,130.0,5.116999999999997,264.0,134.0,32.0,24.0,97.0,709.0,265.0,537.0,2.9570000000000007,94.0,216.0,2.622,85.0,108.0,4.710999999999999,250.0,161.0,60.0,31.0,66.0,842.0,307.0,688.0,3.5730000000000017,89.0,275.0,2.566999999999999,139.0,167.0,6.632000000000001,358.0,180.0,47.0,36.0,121.0,913.0,343.0,714.0,3.847000000000002,114.0,283.0,3.2189999999999994,113.0,147.0,6.1469999999999985,340.0,207.0,72.0,41.0,90.0
2021-12-15,99,94.0,33.0,88.0,0.3750000000000001,13.0,38.0,0.3419999999999997,15.0,19.0,0.7889999999999999,47.0,17.0,6.0,4.0,18.0,106.0,41.0,84.0,0.48799999999999977,13.0,28.0,0.4639999999999995,11.0,17.0,0.647,44.0,24.0,12.0,11.0,13.0,328.0,116.0,265.0,1.308,41.0,105.0,1.1770000000000003,55.0,66.0,2.488999999999999,135.0,67.0,12.0,14.0,41.0,354.0,136.0,273.0,1.4909999999999999,46.0,98.0,1.4050000000000005,36.0,48.0,2.1540000000000026,132.0,75.0,27.0,19.0,28.0,647.0,235.0,508.0,2.7729999999999997,71.0,207.0,2.0389999999999993,106.0,128.0,4.948999999999997,257.0,135.0,36.0,28.0,93.0,701.0,262.0,532.0,2.9510000000000005,93.0,219.0,2.561,84.0,113.0,4.424999999999999,245.0,158.0,54.0,30.0,67.0,835.0,307.0,686.0,3.5820000000000016,87.0,272.0,2.530999999999999,134.0,169.0,6.336,355.0,176.0,54.0,39.0,113.0,907.0,342.0,719.0,3.809000000000003,117.0,291.0,3.2229999999999994,106.0,143.0,5.8969999999999985,351.0,210.0,64.0,45.0,90.0
2021-12-12,94,104.0,35.0,80.0,0.43800000000000017,12.0,33.0,0.3639999999999997,22.0,24.0,0.9169999999999999,45.0,21.0,4.0,5.0,11.0,106.0,42.0,92.0,0.45699999999999985,18.0,36.0,0.4999999999999995,4.0,6.0,0.667,45.0,27.0,7.0,1.0,7.0,329.0,116.0,253.0,1.367,39.0,105.0,1.124,58.0,69.0,2.517999999999999,126.0,68.0,16.0,14.0,45.0,374.0,138.0,276.0,1.4969999999999999,53.0,110.0,1.4410000000000005,45.0,60.0,2.1970000000000027,131.0,79.0,30.0,10.0,30.0,649.0,239.0,510.0,2.8089999999999997,66.0,202.0,1.9389999999999992,105.0,127.0,4.937999999999997,265.0,138.0,37.0,30.0,87.0,696.0,260.0,545.0,2.8650000000000007,90.0,224.0,2.4,86.0,114.0,4.499999999999998,256.0,158.0,49.0,25.0,64.0,829.0,304.0,678.0,3.5820000000000016,81.0,266.0,2.4079999999999986,140.0,180.0,6.247000000000001,344.0,177.0,55.0,40.0,108.0,924.0,349.0,721.0,3.8790000000000027,121.0,297.0,3.2589999999999995,105.0,142.0,5.874999999999998,354.0,218.0,63.0,35.0,90.0
2021-12-11,104,130.0,48.0,97.0,0.49500000000000016,16.0,34.0,0.47099999999999975,18.0,23.0,0.7829999999999999,43.0,29.0,2.0,5.0,12.0,142.0,53.0,97.0,0.5459999999999998,15.0,34.0,0.4409999999999995,21.0,25.0,0.8400000000000001,43.0,24.0,8.0,7.0,8.0,341.0,123.0,259.0,1.417,40.0,109.0,1.1110000000000002,55.0,66.0,2.5059999999999993,126.0,71.0,18.0,13.0,52.0,386.0,140.0,276.0,1.5179999999999998,52.0,121.0,1.3030000000000004,54.0,69.0,2.397000000000003,121.0,85.0,30.0,14.0,33.0,637.0,239.0,518.0,2.7689999999999997,62.0,201.0,1.8249999999999993,97.0,126.0,4.629999999999997,263.0,138.0,44.0,30.0,84.0,695.0,259.0,543.0,2.8640000000000008,86.0,227.0,2.259,91.0,120.0,4.582999999999998,262.0,159.0,45.0,33.0,70.0,824.0,307.0,691.0,3.5530000000000013,84.0,275.0,2.400999999999999,126.0,166.0,6.130000000000001,350.0,179.0,56.0,36.0,111.0,924.0,346.0,722.0,3.841000000000003,115.0,301.0,3.0589999999999993,117.0,157.0,5.969999999999999,358.0,217.0,67.0,45.0,93.0
2021-12-08,130,95.0,33.0,76.0,0.43400000000000016,11.0,38.0,0.2889999999999998,18.0,22.0,0.818,38.0,18.0,10.0,4.0,22.0,126.0,43.0,87.0,0.4939999999999998,20.0,40.0,0.4999999999999995,20.0,29.0,0.6900000000000001,43.0,28.0,15.0,2.0,15.0,319.0,119.0,243.0,1.4649999999999999,30.0,102.0,0.8620000000000002,51.0,62.0,2.4599999999999995,122.0,68.0,24.0,14.0,52.0,347.0,126.0,259.0,1.4599999999999997,47.0,121.0,1.1560000000000004,48.0,65.0,2.271000000000003,113.0,83.0,27.0,11.0,39.0,595.0,221.0,501.0,2.6489999999999996,53.0,199.0,1.572999999999999,100.0,133.0,4.546999999999997,256.0,127.0,49.0,30.0,85.0,676.0,254.0,532.0,2.8760000000000003,88.0,227.0,2.318,80.0,111.0,4.3679999999999986,266.0,167.0,48.0,27.0,75.0,786.0,293.0,687.0,3.4240000000000013,79.0,282.0,2.1979999999999986,121.0,161.0,6.069,354.0,166.0,60.0,35.0,114.0,905.0,337.0,719.0,3.7630000000000026,118.0,312.0,3.0179999999999993,113.0,156.0,5.837999999999999,370.0,221.0,69.0,45.0,97.0
2021-12-06,95,116.0,42.0,86.0,0.48800000000000016,13.0,37.0,0.3509999999999998,19.0,21.0,0.9049999999999999,45.0,24.0,6.0,4.0,18.0,118.0,44.0,92.0,0.47799999999999976,17.0,47.0,0.36199999999999943,13.0,15.0,0.867,35.0,33.0,7.0,5.0,10.0,320.0,123.0,257.0,1.442,27.0,97.0,0.8150000000000002,47.0,58.0,2.4199999999999995,139.0,70.0,21.0,16.0,42.0,322.0,122.0,269.0,1.3679999999999997,37.0,114.0,0.9590000000000003,41.0,54.0,2.303000000000003,125.0,79.0,19.0,15.0,34.0,599.0,226.0,518.0,2.623999999999999,57.0,203.0,1.6409999999999991,90.0,121.0,4.528999999999997,269.0,132.0,44.0,27.0,77.0,656.0,250.0,538.0,2.801,80.0,227.0,2.118,76.0,103.0,4.4399999999999995,272.0,165.0,44.0,36.0,70.0,799.0,299.0,709.0,3.3880000000000012,87.0,295.0,2.2819999999999987,114.0,153.0,6.037000000000001,355.0,174.0,55.0,34.0,102.0,896.0,331.0,714.0,3.7200000000000024,117.0,312.0,2.9929999999999994,117.0,164.0,5.796999999999999,387.0,218.0,60.0,48.0,96.0
2021-12-03,116,108.0,44.0,81.0,0.5430000000000001,6.0,27.0,0.22199999999999986,14.0,19.0,0.7369999999999999,39.0,26.0,8.0,6.0,12.0,103.0,39.0,80.0,0.48799999999999977,10.0,34.0,0.2939999999999995,15.0,21.0,0.714,35.0,22.0,5.0,4.0,14.0,296.0,116.0,259.0,1.3519999999999999,22.0,92.0,0.7140000000000002,42.0,60.0,2.1239999999999997,137.0,67.0,26.0,17.0,32.0,309.0,119.0,267.0,1.3459999999999996,34.0,106.0,0.9560000000000003,37.0,51.0,2.186000000000003,141.0,74.0,15.0,19.0,37.0,575.0,218.0,525.0,2.5019999999999993,55.0,207.0,1.5579999999999992,84.0,118.0,4.345999999999997,271.0,124.0,44.0,27.0,74.0,661.0,250.0,540.0,2.7910000000000004,81.0,225.0,2.1559999999999997,80.0,112.0,4.281,292.0,160.0,47.0,38.0,72.0,796.0,297.0,712.0,3.349000000000001,88.0,296.0,2.2989999999999986,114.0,157.0,5.892,355.0,176.0,56.0,36.0,97.0,893.0,328.0,713.0,3.6930000000000023,110.0,298.0,2.9339999999999993,127.0,174.0,5.849999999999999,395.0,204.0,59.0,56.0,97.0
2021-12-01,108,96.0,37.0,90.0,0.41100000000000014,8.0,33.0,0.24199999999999985,14.0,18.0,0.7779999999999999,55.0,20.0,7.0,6.0,12.0,101.0,39.0,97.0,0.4019999999999998,10.0,33.0,0.30299999999999955,13.0,18.0,0.722,55.0,24.0,7.0,6.0,10.0,276.0,102.0,258.0,1.1839999999999997,23.0,97.0,0.7110000000000002,49.0,71.0,2.0869999999999997,134.0,59.0,25.0,16.0,33.0,329.0,128.0,273.0,1.4159999999999997,41.0,106.0,1.1620000000000004,32.0,46.0,2.097000000000003,153.0,84.0,21.0,16.0,36.0,575.0,213.0,542.0,2.3569999999999993,68.0,231.0,1.7089999999999992,81.0,113.0,4.394999999999998,271.0,124.0,41.0,24.0,72.0,675.0,248.0,542.0,2.7540000000000004,90.0,231.0,2.3369999999999997,89.0,128.0,4.215999999999999,317.0,163.0,48.0,39.0,72.0,792.0,292.0,727.0,3.212000000000001,93.0,307.0,2.3659999999999988,115.0,156.0,5.988,367.0,170.0,55.0,33.0,97.0,888.0,326.0,721.0,3.625000000000002,116.0,313.0,2.966999999999999,120.0,165.0,5.802999999999999,405.0,207.0,59.0,59.0,101.0
2021-11-29,96,92.0,35.0,88.0,0.3980000000000002,8.0,32.0,0.2499999999999999,14.0,23.0,0.609,43.0,21.0,11.0,5.0,8.0,105.0,41.0,90.0,0.45599999999999985,14.0,39.0,0.3589999999999995,9.0,12.0,0.75,51.0,28.0,3.0,9.0,13.0,279.0,103.0,261.0,1.1819999999999997,30.0,106.0,0.8260000000000001,43.0,63.0,2.1089999999999995,130.0,62.0,23.0,11.0,35.0,334.0,128.0,269.0,1.4329999999999998,43.0,113.0,1.1590000000000005,35.0,49.0,2.137000000000003,147.0,86.0,25.0,21.0,36.0,592.0,216.0,541.0,2.394999999999999,74.0,236.0,1.834999999999999,86.0,120.0,4.376999999999997,261.0,130.0,41.0,24.0,73.0,689.0,250.0,536.0,2.8030000000000004,90.0,231.0,2.3369999999999997,99.0,135.0,4.414,305.0,158.0,47.0,46.0,73.0,807.0,298.0,732.0,3.254000000000001,101.0,317.0,2.4959999999999987,110.0,152.0,5.853,353.0,180.0,56.0,32.0,101.0,916.0,334.0,709.0,3.7760000000000025,120.0,310.0,3.1309999999999993,128.0,179.0,5.736999999999998,396.0,215.0,62.0,60.0,102.0
2021-11-27,92,88.0,30.0,80.0,0.3750000000000001,7.0,32.0,0.21899999999999986,21.0,30.0,0.7,36.0,18.0,7.0,5.0,13.0,123.0,48.0,86.0,0.5579999999999998,17.0,34.0,0.49999999999999956,10.0,16.0,0.625,47.0,32.0,11.0,1.0,13.0,279.0,102.0,266.0,1.1499999999999995,33.0,115.0,0.8440000000000001,42.0,58.0,2.2219999999999995,134.0,57.0,18.0,10.0,42.0,352.0,131.0,273.0,1.4449999999999998,47.0,119.0,1.2000000000000006,43.0,61.0,2.0950000000000033,151.0,86.0,32.0,19.0,35.0,604.0,220.0,549.0,2.402999999999999,77.0,242.0,1.8739999999999992,87.0,115.0,4.600999999999997,269.0,129.0,37.0,22.0,77.0,682.0,246.0,534.0,2.7670000000000003,92.0,241.0,2.3049999999999997,98.0,135.0,4.3309999999999995,299.0,155.0,49.0,44.0,78.0,807.0,294.0,736.0,3.193000000000001,106.0,325.0,2.570999999999999,113.0,149.0,6.093999999999999,354.0,180.0,52.0,32.0,106.0,915.0,335.0,703.0,3.8200000000000025,118.0,306.0,3.1149999999999993,127.0,177.0,5.786999999999998,393.0,216.0,65.0,58.0,104.0
2021-11-26,88,99.0,38.0,93.0,0.40900000000000003,15.0,42.0,0.3569999999999999,8.0,10.0,0.8,51.0,23.0,5.0,1.0,14.0,106.0,39.0,93.0,0.4189999999999998,12.0,40.0,0.2999999999999996,16.0,21.0,0.762,49.0,26.0,11.0,11.0,10.0,299.0,111.0,284.0,1.1729999999999996,45.0,134.0,0.9980000000000001,32.0,42.0,2.308,137.0,65.0,16.0,8.0,39.0,346.0,120.0,269.0,1.3379999999999999,49.0,125.0,1.1750000000000007,57.0,82.0,2.1190000000000033,164.0,79.0,27.0,23.0,36.0,627.0,233.0,564.0,2.480999999999999,86.0,253.0,2.0269999999999992,75.0,99.0,4.543999999999997,274.0,141.0,38.0,22.0,80.0,688.0,245.0,533.0,2.7620000000000005,89.0,237.0,2.272,109.0,151.0,4.361999999999999,298.0,155.0,48.0,50.0,76.0,809.0,299.0,748.0,3.198000000000001,103.0,326.0,2.472999999999999,108.0,143.0,6.060999999999999,367.0,181.0,55.0,30.0,110.0,915.0,333.0,708.0,3.767000000000003,117.0,309.0,3.0469999999999993,132.0,178.0,6.043999999999998,395.0,213.0,62.0,62.0,106.0
2021-11-24,99,92.0,34.0,93.0,0.36600000000000005,11.0,41.0,0.2679999999999999,13.0,18.0,0.722,47.0,16.0,6.0,4.0,15.0,123.0,44.0,94.0,0.4679999999999998,18.0,45.0,0.39999999999999963,17.0,24.0,0.708,55.0,28.0,10.0,7.0,12.0,313.0,113.0,280.0,1.2129999999999996,44.0,130.0,1.0090000000000001,43.0,57.0,2.268,131.0,68.0,18.0,13.0,38.0,355.0,122.0,267.0,1.3699999999999999,47.0,118.0,1.1780000000000006,64.0,86.0,2.2770000000000032,158.0,72.0,22.0,25.0,37.0,620.0,226.0,563.0,2.4089999999999994,84.0,251.0,1.9949999999999994,84.0,109.0,4.593999999999997,267.0,139.0,40.0,26.0,79.0,686.0,248.0,524.0,2.8430000000000004,89.0,232.0,2.315,101.0,140.0,4.399999999999999,297.0,158.0,43.0,46.0,81.0,817.0,304.0,742.0,3.2830000000000013,100.0,316.0,2.4909999999999988,109.0,144.0,6.078999999999999,355.0,182.0,58.0,37.0,109.0,909.0,328.0,704.0,3.7300000000000026,113.0,311.0,2.9369999999999994,140.0,186.0,6.109999999999998,396.0,208.0,61.0,58.0,113.0
2021-11-22,92,108.0,39.0,98.0,0.398,19.0,51.0,0.3729999999999999,11.0,14.0,0.786,39.0,26.0,5.0,3.0,10.0,117.0,37.0,82.0,0.4509999999999998,19.0,40.0,0.47499999999999953,24.0,37.0,0.649,60.0,25.0,6.0,5.0,14.0,325.0,118.0,283.0,1.2529999999999997,44.0,127.0,1.03,45.0,57.0,2.379,135.0,72.0,19.0,12.0,35.0,330.0,115.0,261.0,1.3219999999999998,45.0,122.0,1.1050000000000004,55.0,74.0,2.2360000000000033,148.0,69.0,17.0,25.0,43.0,618.0,227.0,562.0,2.422999999999999,77.0,243.0,1.8479999999999996,87.0,115.0,4.538999999999996,269.0,142.0,44.0,25.0,81.0,686.0,250.0,521.0,2.8800000000000003,87.0,224.0,2.347,99.0,133.0,4.573999999999998,291.0,159.0,41.0,44.0,84.0,814.0,305.0,738.0,3.310000000000001,101.0,316.0,2.515999999999999,103.0,136.0,6.056999999999999,351.0,189.0,61.0,45.0,112.0,888.0,324.0,700.0,3.706000000000003,101.0,285.0,2.8529999999999993,139.0,180.0,6.290999999999998,389.0,203.0,62.0,58.0,114.0
2021-11-20,108,113.0,40.0,89.0,0.44899999999999995,14.0,38.0,0.3679999999999999,19.0,25.0,0.76,45.0,26.0,7.0,6.0,13.0,115.0,41.0,91.0,0.4509999999999998,10.0,33.0,0.3029999999999996,23.0,25.0,0.9199999999999999,43.0,19.0,6.0,13.0,11.0,328.0,122.0,280.0,1.3079999999999998,41.0,119.0,1.0290000000000001,43.0,57.0,2.236,137.0,76.0,22.0,14.0,41.0,342.0,125.0,264.0,1.424,40.0,112.0,1.0970000000000004,52.0,69.0,2.2430000000000034,134.0,76.0,21.0,27.0,40.0,617.0,231.0,551.0,2.518999999999999,70.0,224.0,1.8499999999999999,85.0,112.0,4.570999999999996,269.0,140.0,47.0,30.0,84.0,669.0,247.0,528.0,2.8110000000000004,76.0,226.0,2.062,99.0,125.0,4.752999999999998,281.0,155.0,45.0,46.0,87.0,785.0,293.0,724.0,3.233000000000001,91.0,308.0,2.3519999999999994,108.0,142.0,6.070999999999998,358.0,178.0,64.0,43.0,116.0,863.0,320.0,697.0,3.673000000000003,92.0,282.0,2.6479999999999992,131.0,168.0,6.281999999999997,379.0,202.0,63.0,62.0,111.0
2021-11-19,113,104.0,39.0,96.0,0.40599999999999997,11.0,38.0,0.2889999999999998,15.0,18.0,0.833,51.0,20.0,7.0,3.0,12.0,98.0,37.0,88.0,0.41999999999999976,16.0,49.0,0.3269999999999997,8.0,12.0,0.6669999999999999,45.0,25.0,5.0,7.0,18.0,307.0,113.0,283.0,1.1959999999999997,40.0,121.0,0.9860000000000001,41.0,52.0,2.3260000000000005,136.0,71.0,22.0,13.0,41.0,331.0,126.0,257.0,1.4729999999999999,42.0,114.0,1.1370000000000005,37.0,54.0,2.1230000000000038,139.0,86.0,21.0,21.0,44.0,593.0,226.0,551.0,2.462999999999999,68.0,227.0,1.775,73.0,97.0,4.510999999999997,267.0,137.0,49.0,36.0,89.0,656.0,246.0,527.0,2.8040000000000003,72.0,212.0,2.0749999999999997,92.0,118.0,4.721999999999999,286.0,159.0,50.0,40.0,89.0,787.0,290.0,717.0,3.235000000000001,94.0,313.0,2.3789999999999996,113.0,147.0,6.110999999999998,364.0,173.0,62.0,44.0,119.0,845.0,315.0,703.0,3.593000000000003,96.0,300.0,2.619999999999999,119.0,162.0,5.940999999999997,383.0,204.0,65.0,50.0,112.0
2021-11-17,104,111.0,43.0,95.0,0.45299999999999996,16.0,43.0,0.37199999999999983,9.0,14.0,0.643,41.0,30.0,8.0,5.0,16.0,129.0,47.0,85.0,0.5529999999999999,14.0,30.0,0.4669999999999997,21.0,32.0,0.6559999999999999,46.0,32.0,10.0,7.0,11.0,293.0,109.0,279.0,1.1699999999999995,33.0,116.0,0.8180000000000003,42.0,58.0,2.16,134.0,70.0,25.0,13.0,46.0,356.0,135.0,260.0,1.5579999999999998,42.0,102.0,1.2420000000000004,44.0,59.0,2.3380000000000036,143.0,90.0,24.0,19.0,41.0,568.0,214.0,539.0,2.3779999999999992,66.0,232.0,1.695,74.0,99.0,4.477999999999996,262.0,132.0,50.0,34.0,91.0,650.0,242.0,518.0,2.8020000000000005,66.0,200.0,2.018,100.0,131.0,4.6949999999999985,291.0,158.0,52.0,42.0,82.0,786.0,289.0,708.0,3.266000000000001,99.0,307.0,2.5899999999999994,109.0,144.0,6.0109999999999975,359.0,174.0,60.0,47.0,124.0,857.0,314.0,704.0,3.577000000000003,94.0,294.0,2.6189999999999993,135.0,180.0,6.073999999999997,386.0,205.0,72.0,49.0,107.0
2021-11-15,111,92.0,31.0,92.0,0.337,13.0,40.0,0.32499999999999984,17.0,20.0,0.8499999999999999,44.0,21.0,7.0,5.0,13.0,104.0,42.0,84.0,0.4999999999999999,12.0,35.0,0.3429999999999997,8.0,10.0,0.7999999999999999,48.0,29.0,6.0,7.0,15.0,289.0,109.0,271.0,1.2109999999999994,29.0,105.0,0.8210000000000003,42.0,55.0,2.335,132.0,64.0,25.0,16.0,43.0,327.0,122.0,264.0,1.387,36.0,114.0,0.9650000000000003,47.0,56.0,2.5100000000000033,147.0,79.0,24.0,19.0,47.0,572.0,208.0,526.0,2.3759999999999994,67.0,232.0,1.718,89.0,115.0,4.634999999999996,272.0,123.0,47.0,36.0,91.0,618.0,231.0,530.0,2.6200000000000006,66.0,221.0,1.8259999999999996,90.0,118.0,4.6179999999999986,292.0,147.0,50.0,36.0,83.0,784.0,287.0,700.0,3.284000000000001,99.0,298.0,2.6889999999999996,111.0,146.0,6.055999999999997,364.0,168.0,53.0,47.0,125.0,838.0,310.0,705.0,3.5240000000000036,89.0,294.0,2.451999999999999,129.0,170.0,6.099999999999998,380.0,191.0,73.0,44.0,103.0
2021-11-13,92,90.0,35.0,92.0,0.38000000000000006,4.0,33.0,0.12099999999999983,16.0,24.0,0.6669999999999999,49.0,19.0,10.0,3.0,17.0,123.0,46.0,91.0,0.5049999999999999,16.0,37.0,0.43199999999999966,15.0,17.0,0.8819999999999999,49.0,29.0,8.0,5.0,15.0,286.0,113.0,268.0,1.2669999999999995,28.0,106.0,0.7890000000000004,32.0,45.0,2.185,131.0,66.0,27.0,23.0,48.0,325.0,120.0,270.0,1.331,30.0,98.0,0.9380000000000004,55.0,64.0,2.5990000000000038,147.0,73.0,29.0,19.0,45.0,583.0,215.0,521.0,2.475999999999999,70.0,224.0,1.893,83.0,110.0,4.517999999999996,274.0,123.0,45.0,37.0,95.0,624.0,225.0,535.0,2.5240000000000005,68.0,229.0,1.8089999999999997,106.0,138.0,4.6179999999999986,292.0,144.0,56.0,35.0,81.0,803.0,299.0,696.0,3.436000000000001,101.0,298.0,2.7389999999999994,104.0,139.0,5.974999999999998,353.0,169.0,52.0,44.0,130.0,854.0,311.0,704.0,3.5420000000000034,91.0,289.0,2.575999999999999,141.0,184.0,6.132999999999998,372.0,184.0,81.0,41.0,104.0
2021-11-10,90,107.0,43.0,87.0,0.4940000000000001,12.0,32.0,0.37499999999999983,9.0,11.0,0.8179999999999998,39.0,24.0,8.0,8.0,13.0,100.0,34.0,89.0,0.3819999999999999,8.0,42.0,0.18999999999999967,24.0,29.0,0.828,50.0,21.0,10.0,7.0,17.0,275.0,105.0,260.0,1.2079999999999993,33.0,116.0,0.8770000000000003,32.0,41.0,2.3180000000000005,128.0,62.0,25.0,21.0,45.0,294.0,107.0,258.0,1.2439999999999998,24.0,98.0,0.7760000000000005,56.0,72.0,2.3570000000000038,148.0,68.0,28.0,23.0,41.0,602.0,221.0,516.0,2.5669999999999993,82.0,225.0,2.243,78.0,102.0,4.538999999999996,271.0,128.0,36.0,39.0,95.0,611.0,222.0,530.0,2.5190000000000006,61.0,222.0,1.6769999999999996,106.0,143.0,4.417999999999999,283.0,133.0,59.0,32.0,73.0,803.0,297.0,685.0,3.463000000000001,109.0,309.0,2.8909999999999996,100.0,134.0,5.939999999999998,343.0,171.0,49.0,47.0,129.0,838.0,306.0,700.0,3.5080000000000036,81.0,279.0,2.365999999999999,145.0,186.0,6.250999999999999,365.0,183.0,83.0,38.0,99.0
2021-11-07,107,89.0,35.0,89.0,0.3930000000000001,12.0,41.0,0.2929999999999998,7.0,10.0,0.6999999999999998,43.0,23.0,9.0,12.0,18.0,102.0,40.0,90.0,0.44399999999999984,6.0,19.0,0.31599999999999967,16.0,18.0,0.8890000000000001,48.0,23.0,11.0,7.0,13.0,283.0,99.0,255.0,1.1649999999999994,38.0,127.0,0.8970000000000002,47.0,60.0,2.3000000000000003,140.0,59.0,22.0,20.0,48.0,291.0,109.0,266.0,1.2329999999999997,30.0,107.0,0.8610000000000007,43.0,62.0,2.1080000000000036,145.0,68.0,26.0,17.0,36.0,606.0,221.0,517.0,2.5619999999999994,85.0,233.0,2.243,79.0,104.0,4.489999999999997,265.0,126.0,34.0,33.0,100.0,631.0,231.0,524.0,2.6550000000000007,67.0,210.0,1.9539999999999997,102.0,138.0,4.422999999999999,273.0,134.0,63.0,29.0,72.0,806.0,290.0,686.0,3.378000000000001,109.0,320.0,2.7949999999999995,117.0,157.0,5.886999999999998,361.0,169.0,48.0,43.0,129.0,842.0,309.0,711.0,3.4960000000000035,86.0,285.0,2.446999999999999,138.0,182.0,6.102999999999998,367.0,182.0,81.0,39.0,94.0
2021-11-05,89,79.0,27.0,84.0,0.3210000000000002,9.0,43.0,0.2089999999999998,16.0,20.0,0.8,46.0,15.0,8.0,1.0,14.0,92.0,33.0,79.0,0.41799999999999987,10.0,37.0,0.26999999999999963,16.0,25.0,0.6400000000000001,50.0,24.0,7.0,9.0,11.0,297.0,102.0,253.0,1.2089999999999994,42.0,118.0,1.1040000000000003,51.0,65.0,2.333,143.0,57.0,18.0,14.0,47.0,299.0,105.0,265.0,1.1929999999999996,38.0,131.0,0.8710000000000007,51.0,74.0,2.0190000000000037,145.0,71.0,27.0,16.0,36.0,607.0,219.0,509.0,2.5759999999999996,85.0,236.0,2.223,84.0,113.0,4.421999999999996,261.0,124.0,32.0,27.0,98.0,636.0,232.0,521.0,2.682000000000001,67.0,218.0,1.8599999999999997,105.0,139.0,4.533999999999999,267.0,139.0,62.0,24.0,69.0,813.0,288.0,680.0,3.383000000000001,114.0,322.0,2.8969999999999994,123.0,162.0,6.053999999999998,364.0,170.0,44.0,34.0,129.0,861.0,313.0,709.0,3.5520000000000036,104.0,320.0,2.5749999999999993,131.0,181.0,5.742999999999998,357.0,193.0,80.0,36.0,92.0
2021-11-03,79,115.0,37.0,82.0,0.45100000000000023,17.0,43.0,0.3949999999999999,24.0,30.0,0.8,51.0,21.0,5.0,7.0,16.0,97.0,36.0,97.0,0.37099999999999994,14.0,51.0,0.2749999999999997,11.0,19.0,0.5790000000000001,47.0,21.0,8.0,1.0,12.0,327.0,116.0,256.0,1.3589999999999993,49.0,109.0,1.366,46.0,61.0,2.221,143.0,66.0,11.0,18.0,50.0,317.0,115.0,272.0,1.2749999999999997,37.0,124.0,0.9010000000000007,50.0,71.0,2.0610000000000035,135.0,65.0,31.0,9.0,32.0,638.0,228.0,513.0,2.6639999999999993,88.0,236.0,2.2929999999999997,94.0,127.0,4.386999999999996,272.0,131.0,31.0,30.0,97.0,648.0,236.0,542.0,2.634000000000001,70.0,229.0,1.8609999999999998,106.0,139.0,4.573999999999999,269.0,135.0,63.0,23.0,70.0,831.0,296.0,682.0,3.4690000000000007,114.0,308.0,2.9979999999999993,125.0,165.0,6.036999999999998,362.0,172.0,42.0,39.0,131.0,892.0,329.0,728.0,3.634000000000003,107.0,313.0,2.737999999999999,127.0,174.0,5.769999999999998,350.0,201.0,81.0,30.0,89.0
